{"stat.useItem.minecraft.iron_bars":1,"stat.walkOneCm":95936,"stat.mineBlock.minecraft.iron_bars":2,"stat.mineBlock.minecraft.cactus":4,"stat.pickup.mowziesmobs.barakoa_mask_rage":1,"stat.mineBlock.minecraft.leaves2":1,"stat.pickup.mowziesmobs.barakoa_mask_fear":1,"stat.pickup.minecraft.wooden_pickaxe":2,"stat.mineBlock.minecraft.log2":5,"stat.pickup.minecraft.crafting_table":1,"stat.damageTaken":1885,"stat.useItem.minecraft.wooden_pickaxe":2,"stat.pickup.minecraft.log2":5,"stat.entityKilledBy.mocreatures:lion":1,"stat.pickup.minecraft.dye":1,"stat.pickup.minecraft.planks":8,"stat.flyOneCm":66864,"stat.deaths":7,"stat.entityKilledBy.grimoireofgaia.anubis":3,"stat.pickup.minecraft.wheat_seeds":3,"stat.drop":4,"stat.jump":349,"stat.swimOneCm":1613,"stat.mineBlock.minecraft.sand":3,"stat.playOneMinute":16645,"stat.drop.minecraft.wheat_seeds":3,"stat.fallOneCm":5474,"stat.entityKilledBy.Zombie":1,"stat.pickup.minecraft.cactus":7,"stat.sneakTime":198,"stat.damageDealt":134,"stat.drop.minecraft.sapling":1,"stat.crouchOneCm":926,"stat.timeSinceDeath":439,"stat.pickup.minecraft.iron_bars":2,"stat.pickup.minecraft.sapling":2,"stat.sprintOneCm":95493,"stat.useItem.minecraft.stone_slab2":1,"stat.entityKilledBy.Enderman":1,"stat.useItem.minecraft.cactus":3}