{"stat.useItem.minecraft.iron_bars":1,"stat.pickup.millenaire.bed_straw":4,"stat.walkOneCm":238516,"stat.useItem.minecraft.torch":14,"stat.useItem.minecraft.stone":5,"stat.pickup.minecraft.stick":7,"stat.pickup.minecraft.gravel":4,"stat.pickup.minecraft.crafting_table":1,"stat.pickup.minecraft.stone_pickaxe":1,"stat.craftItem.minecraft.crafting_table":2,"stat.furnaceInteraction":2,"stat.mineBlock.minecraft.coal_ore":18,"stat.entityKilledBy.grimoireofgaia.anubis":3,"stat.swimOneCm":8466,"stat.jump":745,"stat.useItem.minecraft.sand":5,"stat.pickup.mocreatures.bigcatclaw":1,"stat.pickup.minecraft.coal":31,"stat.fallOneCm":9656,"stat.pickup.minecraft.iron_ingot":1,"stat.pickup.minecraft.beef":8,"stat.entityKilledBy.Skeleton":1,"stat.pickup.minecraft.stone":8,"stat.drop.minecraft.sapling":1,"stat.crouchOneCm":2644,"stat.craftItem.minecraft.torch":16,"stat.pickup.minecraft.sapling":2,"stat.pickup.minecraft.ender_pearl":9,"stat.pickup.minecraft.dirt":1,"stat.sprintOneCm":204168,"stat.useItem.minecraft.stone_slab2":12,"stat.entityKilledBy.Enderman":1,"stat.useItem.minecraft.cactus":3,"stat.craftItem.minecraft.stick":16,"stat.craftingTableInteraction":10,"stat.pickup.minecraft.iron_ore":2,"stat.pickup.minecraft.rotten_flesh":38,"stat.pickup.minecraft.sand":28,"stat.craftItem.minecraft.furnace":1,"stat.mineBlock.minecraft.iron_bars":2,"stat.mineBlock.minecraft.cactus":4,"stat.mineBlock.millenaire.bed_straw":2,"stat.craftItem.minecraft.planks":40,"stat.pickup.mowziesmobs.barakoa_mask_rage":1,"stat.mineBlock.minecraft.leaves2":5,"stat.pickup.mowziesmobs.barakoa_mask_fear":1,"stat.entityKilledBy.grimoireofgaia.ant":1,"stat.mineBlock.minecraft.log2":15,"stat.pickup.minecraft.wooden_pickaxe":2,"stat.damageTaken":3100,"stat.pickup.minecraft.leather":6,"stat.craftItem.minecraft.stone_pickaxe":1,"stat.mineBlock.minecraft.torch":2,"stat.useItem.minecraft.wooden_pickaxe":24,"stat.craftItem.minecraft.cooked_beef":4,"stat.mobKills":31,"stat.pickup.minecraft.cobblestone":121,"stat.pickup.minecraft.ender_eye":13,"stat.pickup.minecraft.log2":15,"stat.entityKilledBy.mocreatures:lion":1,"stat.pickup.minecraft.dye":1,"stat.pickup.minecraft.planks":33,"stat.useItem.minecraft.beef":4,"stat.craftItem.minecraft.stone_sword":2,"stat.flyOneCm":145261,"stat.deaths":11,"stat.useItem.minecraft.ender_pearl":2,"stat.pickup.minecraft.glass_bottle":1,"stat.pickup.minecraft.wheat_seeds":3,"stat.drop":4,"stat.mineBlock.minecraft.sand":3,"stat.playOneMinute":53545,"stat.drop.minecraft.wheat_seeds":3,"stat.entityKilledBy.Zombie":3,"stat.pickup.minecraft.torch":8,"stat.mineBlock.minecraft.gravel":4,"stat.useItem.minecraft.stone_pickaxe":71,"stat.useItem.minecraft.cooked_beef":3,"stat.pickup.minecraft.cactus":7,"stat.sneakTime":4497,"stat.useItem.minecraft.stone_sword":70,"stat.damageDealt":4218,"stat.mineBlock.minecraft.iron_ore":2,"stat.killEntity.Zombie":27,"stat.timeSinceDeath":1289,"stat.pickup.minecraft.iron_bars":2,"stat.pickup.mocreatures.hide":4,"stat.killEntity.Cow":4,"stat.craftItem.minecraft.wooden_pickaxe":1,"stat.mineBlock.minecraft.stone":73,"stat.diveOneCm":1296}