{"stat.chestOpened":2,"stat.pickup.millenaire.bed_straw":12,"stat.useItem.minecraft.stone":5,"stat.pickup.minecraft.gravel":8,"stat.leaveGame":1,"stat.pickup.minecraft.iron_sword":3,"stat.mineBlock.minecraft.cobblestone":2,"stat.pickup.minecraft.stone_pickaxe":5,"stat.useItem.minecraft.rotten_flesh":4,"stat.swimOneCm":14218,"stat.jump":1010,"stat.useItem.minecraft.sand":5,"stat.pickup.mocreatures.bigcatclaw":1,"stat.pickup.minecraft.coal":63,"stat.fallOneCm":11798,"stat.pickup.minecraft.iron_ingot":1,"stat.useItem.minecraft.planks":1,"stat.crouchOneCm":3002,"stat.craftItem.minecraft.torch":36,"stat.craftItem.minecraft.iron_ingot":2,"stat.pickup.minecraft.dirt":3,"stat.useItem.minecraft.dirt":1,"stat.useItem.minecraft.stone_slab2":13,"stat.craftingTableInteraction":12,"stat.pickup.minecraft.iron_ore":12,"stat.pickup.minecraft.rotten_flesh":110,"stat.pickup.minecraft.sand":28,"stat.craftItem.minecraft.furnace":1,"stat.mineBlock.minecraft.iron_bars":2,"stat.mineBlock.minecraft.leaves2":5,"stat.mineBlock.minecraft.log2":15,"stat.pickup.minecraft.wooden_pickaxe":2,"stat.damageTaken":4255,"stat.pickup.minecraft.leather":6,"stat.useItem.minecraft.iron_ore":1,"stat.craftItem.minecraft.stone_pickaxe":1,"stat.mineBlock.minecraft.torch":2,"stat.useItem.minecraft.wooden_pickaxe":24,"stat.craftItem.minecraft.cooked_beef":4,"stat.pickup.minecraft.cobblestone":342,"stat.pickup.minecraft.ender_eye":29,"stat.pickup.minecraft.log2":15,"stat.entityKilledBy.mocreatures:lion":1,"stat.pickup.minecraft.dye":1,"stat.pickup.minecraft.planks":112,"stat.craftItem.minecraft.stone_sword":2,"stat.flyOneCm":168078,"stat.pickup.minecraft.glass_bottle":1,"stat.useItem.minecraft.ender_pearl":2,"stat.pickup.minecraft.wheat_seeds":3,"stat.mineBlock.minecraft.sand":3,"stat.drop.minecraft.wheat_seeds":3,"stat.entityKilledBy.Zombie":6,"stat.mineBlock.minecraft.gravel":4,"stat.useItem.minecraft.stone_pickaxe":88,"stat.useItem.minecraft.cooked_beef":3,"stat.pickup.minecraft.cactus":7,"stat.useItem.minecraft.stone_sword":75,"stat.damageDealt":6899,"stat.mineBlock.minecraft.iron_ore":6,"stat.timeSinceDeath":382,"stat.killEntity.Cow":4,"stat.mineBlock.minecraft.dirt":2,"stat.craftItem.minecraft.wooden_pickaxe":1,"stat.craftItem.minecraft.iron_sword":1,"stat.useItem.minecraft.iron_bars":1,"stat.walkOneCm":288169,"stat.useItem.minecraft.torch":24,"stat.pickup.minecraft.stick":28,"stat.pickup.minecraft.crafting_table":1,"stat.useItem.minecraft.cobblestone":4,"stat.craftItem.minecraft.crafting_table":2,"stat.furnaceInteraction":3,"stat.mineBlock.minecraft.coal_ore":27,"stat.entityKilledBy.grimoireofgaia.anubis":3,"stat.pickup.minecraft.beef":8,"stat.entityKilledBy.Skeleton":1,"stat.pickup.minecraft.stone":8,"stat.drop.minecraft.sapling":1,"stat.pickup.minecraft.sapling":2,"stat.pickup.minecraft.ender_pearl":13,"stat.sprintOneCm":236834,"stat.entityKilledBy.Enderman":1,"stat.useItem.minecraft.cactus":3,"stat.craftItem.minecraft.stick":16,"stat.entityKilledBy.grimoireofgaia.orc":1,"stat.mineBlock.minecraft.cactus":4,"stat.mineBlock.millenaire.bed_straw":2,"stat.craftItem.minecraft.planks":40,"stat.useItem.minecraft.iron_sword":55,"stat.pickup.mowziesmobs.barakoa_mask_rage":1,"stat.pickup.mowziesmobs.barakoa_mask_fear":1,"stat.entityKilledBy.grimoireofgaia.ant":1,"stat.pickup.minecraft.stone_sword":4,"stat.mobKills":44,"stat.useItem.minecraft.beef":4,"stat.deaths":16,"stat.mineBlock.minecraft.planks":1,"stat.drop":4,"stat.playOneMinute":76512,"stat.pickup.minecraft.torch":22,"stat.sneakTime":4585,"stat.killEntity.Zombie":40,"stat.pickup.minecraft.iron_bars":2,"stat.pickup.mocreatures.hide":4,"stat.mineBlock.minecraft.stone":73,"stat.mineBlock.minecraft.tallgrass":4,"stat.diveOneCm":1806}