{"stat.useItem.minecraft.iron_bars":1,"stat.pickup.millenaire.bed_straw":2,"stat.walkOneCm":209926,"stat.useItem.minecraft.torch":4,"stat.pickup.minecraft.crafting_table":1,"stat.craftItem.minecraft.crafting_table":1,"stat.furnaceInteraction":2,"stat.mineBlock.minecraft.coal_ore":18,"stat.entityKilledBy.grimoireofgaia.anubis":3,"stat.swimOneCm":6731,"stat.jump":572,"stat.useItem.minecraft.sand":5,"stat.pickup.mocreatures.bigcatclaw":1,"stat.pickup.minecraft.coal":18,"stat.fallOneCm":7518,"stat.pickup.minecraft.beef":8,"stat.entityKilledBy.Skeleton":1,"stat.pickup.minecraft.stone":7,"stat.drop.minecraft.sapling":1,"stat.crouchOneCm":938,"stat.craftItem.minecraft.torch":4,"stat.pickup.minecraft.sapling":2,"stat.pickup.minecraft.ender_pearl":8,"stat.pickup.minecraft.dirt":1,"stat.sprintOneCm":170769,"stat.useItem.minecraft.stone_slab2":8,"stat.entityKilledBy.Enderman":1,"stat.useItem.minecraft.cactus":3,"stat.craftItem.minecraft.stick":8,"stat.craftingTableInteraction":8,"stat.pickup.minecraft.rotten_flesh":4,"stat.pickup.minecraft.sand":28,"stat.craftItem.minecraft.furnace":1,"stat.mineBlock.minecraft.iron_bars":2,"stat.mineBlock.minecraft.cactus":4,"stat.mineBlock.millenaire.bed_straw":2,"stat.craftItem.minecraft.planks":40,"stat.pickup.mowziesmobs.barakoa_mask_rage":1,"stat.mineBlock.minecraft.leaves2":5,"stat.pickup.mowziesmobs.barakoa_mask_fear":1,"stat.entityKilledBy.grimoireofgaia.ant":1,"stat.mineBlock.minecraft.log2":15,"stat.pickup.minecraft.wooden_pickaxe":2,"stat.damageTaken":2515,"stat.pickup.minecraft.leather":6,"stat.craftItem.minecraft.stone_pickaxe":1,"stat.mineBlock.minecraft.torch":1,"stat.useItem.minecraft.wooden_pickaxe":24,"stat.craftItem.minecraft.cooked_beef":4,"stat.mobKills":4,"stat.pickup.minecraft.cobblestone":64,"stat.pickup.minecraft.ender_eye":9,"stat.pickup.minecraft.log2":15,"stat.entityKilledBy.mocreatures:lion":1,"stat.pickup.minecraft.dye":1,"stat.pickup.minecraft.planks":8,"stat.useItem.minecraft.beef":4,"stat.flyOneCm":126344,"stat.deaths":9,"stat.useItem.minecraft.ender_pearl":2,"stat.pickup.minecraft.glass_bottle":1,"stat.pickup.minecraft.wheat_seeds":3,"stat.drop":4,"stat.mineBlock.minecraft.sand":3,"stat.playOneMinute":40945,"stat.drop.minecraft.wheat_seeds":3,"stat.entityKilledBy.Zombie":1,"stat.pickup.minecraft.torch":2,"stat.useItem.minecraft.stone_pickaxe":66,"stat.useItem.minecraft.cooked_beef":2,"stat.pickup.minecraft.cactus":7,"stat.sneakTime":285,"stat.damageDealt":563,"stat.timeSinceDeath":18286,"stat.pickup.minecraft.iron_bars":2,"stat.pickup.mocreatures.hide":4,"stat.killEntity.Cow":4,"stat.craftItem.minecraft.wooden_pickaxe":1,"stat.mineBlock.minecraft.stone":70}