{"stat.pickup.minecraft.bone":102,"stat.useItem.minecraft.iron_axe":10,"stat.leaveGame":3,"stat.mineBlock.minecraft.cobblestone":10,"stat.pickup.minecraft.stone_pickaxe":5,"stat.craftItem.minecraft.iron_axe":1,"stat.useItem.minecraft.diamond_sword":73,"stat.pickup.minecraft.fishing_rod":2,"stat.swimOneCm":50850,"stat.useItem.minecraft.planks":1,"stat.craftItem.minecraft.shield":1,"stat.climbOneCm":349,"stat.drop.minecraft.cobblestone":1,"stat.useItem.minecraft.dirt":1,"stat.useItem.minecraft.stone_slab2":14,"stat.pickup.minecraft.bow":6,"stat.pickup.minecraft.iron_boots":5,"stat.mineBlock.minecraft.stone_brick_stairs":1,"stat.pickup.minecraft.rotten_flesh":148,"stat.pickup.minecraft.sand":28,"stat.craftItem.minecraft.furnace":1,"stat.useItem.minecraft.iron_ore":1,"stat.craftItem.minecraft.stone_pickaxe":1,"stat.craftItem.minecraft.cooked_beef":4,"stat.pickup.minecraft.shears":3,"stat.pickup.minecraft.cobblestone":629,"stat.entityKilledBy.mocreatures:lion":1,"stat.craftItem.minecraft.stone_sword":2,"stat.flyOneCm":210670,"stat.pickup.minecraft.glass_bottle":1,"stat.useItem.minecraft.ender_pearl":2,"stat.mineBlock.minecraft.sand":3,"stat.drop.minecraft.wheat_seeds":3,"stat.useItem.minecraft.cooked_beef":3,"stat.pickup.minecraft.cactus":7,"stat.mineBlock.minecraft.iron_ore":6,"stat.timeSinceDeath":15199,"stat.useItem.minecraft.iron_pickaxe":39,"stat.craftItem.minecraft.wooden_pickaxe":1,"stat.pickup.minecraft.mossy_cobblestone":2,"stat.pickup.minecraft.chainmail_helmet":1,"stat.pickup.sexmod.allies_lamp":4,"stat.pickup.minecraft.stonebrick":5,"stat.furnaceInteraction":9,"stat.killEntity.ZombieVillager":1,"stat.mineBlock.minecraft.coal_ore":27,"stat.mineBlock.minecraft.nether_brick":3,"stat.pickup.minecraft.shield":3,"stat.pickup.minecraft.nether_brick":6,"stat.entityKilledBy.WitherSkeleton":1,"stat.pickup.minecraft.beef":8,"stat.useItem.minecraft.milk_bucket":1,"stat.entityKilledBy.Skeleton":4,"stat.sprintOneCm":300434,"stat.drop.minecraft.fishing_rod":1,"stat.pickup.minecraft.iron_chestplate":6,"stat.craftItem.minecraft.stick":36,"stat.entityKilledBy.grimoireofgaia.orc":1,"stat.mineBlock.millenaire.bed_straw":2,"stat.pickup.mowziesmobs.barakoa_mask_rage":1,"stat.pickup.mowziesmobs.barakoa_mask_fear":1,"stat.pickup.minecraft.emerald":8,"stat.pickup.minecraft.leather_leggings":1,"stat.useItem.minecraft.beef":4,"stat.deaths":21,"stat.mineBlock.minecraft.planks":1,"stat.drop":6,"stat.playOneMinute":128094,"stat.killEntity.Zombie":44,"stat.pickup.minecraft.iron_bars":34,"stat.pickup.mocreatures.hide":4,"stat.mineBlock.minecraft.tallgrass":5,"stat.diveOneCm":83575,"stat.chestOpened":21,"stat.pickup.millenaire.bed_straw":12,"stat.mineBlock.minecraft.mossy_cobblestone":1,"stat.useItem.minecraft.stone":5,"stat.pickup.minecraft.gravel":8,"stat.pickup.minecraft.iron_sword":7,"stat.pickup.minecraft.arrow":15,"stat.useItem.minecraft.rotten_flesh":25,"stat.pickup.minecraft.stone_brick_stairs":4,"stat.pickup.minecraft.diamond_sword":5,"stat.jump":1385,"stat.useItem.minecraft.sand":5,"stat.pickup.mocreatures.bigcatclaw":1,"stat.pickup.minecraft.coal":63,"stat.pickup.minecraft.iron_helmet":5,"stat.fallOneCm":18979,"stat.pickup.minecraft.iron_ingot":286,"stat.crouchOneCm":4374,"stat.craftItem.minecraft.torch":104,"stat.craftItem.minecraft.iron_ingot":2,"stat.pickup.minecraft.dirt":3,"stat.killEntity.mocreatures:ant":1,"stat.craftingTableInteraction":18,"stat.pickup.minecraft.iron_ore":12,"stat.pickup.minecraft.milk_bucket":2,"stat.mineBlock.minecraft.iron_bars":10,"stat.pickup.minecraft.iron_axe":4,"stat.mineBlock.minecraft.leaves2":5,"stat.mineBlock.minecraft.log2":15,"stat.pickup.minecraft.wooden_pickaxe":2,"stat.damageTaken":6406,"stat.pickup.minecraft.leather":6,"stat.mineBlock.minecraft.torch":13,"stat.useItem.minecraft.wooden_pickaxe":24,"stat.craftItem.mca.rose_gold_ingot":23,"stat.pickup.minecraft.ender_eye":29,"stat.pickup.minecraft.log2":15,"stat.pickup.minecraft.dye":1,"stat.pickup.minecraft.planks":127,"stat.pickup.minecraft.iron_leggings":5,"stat.pickup.minecraft.wheat_seeds":3,"stat.entityKilledBy.Zombie":6,"stat.mineBlock.minecraft.gravel":4,"stat.useItem.minecraft.stone_pickaxe":88,"stat.useItem.minecraft.stone_sword":75,"stat.damageDealt":8959,"stat.killEntity.Cow":4,"stat.mineBlock.minecraft.dirt":2,"stat.craftItem.minecraft.iron_sword":1,"stat.useItem.minecraft.iron_bars":1,"stat.walkOneCm":428124,"stat.useItem.minecraft.torch":104,"stat.pickup.minecraft.golden_apple":3,"stat.pickup.minecraft.stick":43,"stat.pickup.minecraft.crafting_table":1,"stat.useItem.minecraft.cobblestone":49,"stat.craftItem.minecraft.crafting_table":2,"stat.pickup.minecraft.log":4,"stat.entityKilledBy.grimoireofgaia.anubis":3,"stat.pickup.minecraft.iron_pickaxe":7,"stat.pickup.minecraft.stone":8,"stat.pickup.mca.rose_gold_ingot":92,"stat.drop.minecraft.sapling":1,"stat.pickup.minecraft.sapling":2,"stat.pickup.minecraft.ender_pearl":13,"stat.entityKilledBy.Enderman":1,"stat.useItem.minecraft.cactus":3,"stat.pickup.minecraft.gold_ingot":60,"stat.killEntity.Stray":1,"stat.killEntity.Skeleton":3,"stat.pickup.minecraft.coal_block":8,"stat.mineBlock.minecraft.cactus":4,"stat.mineBlock.minecraft.stonebrick":3,"stat.craftItem.minecraft.planks":56,"stat.useItem.minecraft.iron_sword":55,"stat.entityKilledBy.grimoireofgaia.ant":1,"stat.pickup.minecraft.stone_sword":4,"stat.craftItem.minecraft.fishing_rod":1,"stat.mobKills":57,"stat.pickup.minecraft.book":108,"stat.mineBlock.minecraft.log":4,"stat.mineBlock.minecraft.bookshelf":6,"stat.useItem.minecraft.golden_apple":1,"stat.pickup.minecraft.water_bucket":1,"stat.pickup.minecraft.diamond":8,"stat.pickup.minecraft.iron_door":1,"stat.pickup.minecraft.torch":358,"stat.sneakTime":5472,"stat.mineBlock.minecraft.stone":80,"stat.useItem.minecraft.fishing_rod":8}