{"stat.useItem.minecraft.iron_bars":1,"stat.pickup.millenaire.bed_straw":2,"stat.walkOneCm":181359,"stat.pickup.minecraft.crafting_table":1,"stat.entityKilledBy.grimoireofgaia.anubis":3,"stat.swimOneCm":1613,"stat.jump":501,"stat.useItem.minecraft.sand":5,"stat.pickup.mocreatures.bigcatclaw":1,"stat.fallOneCm":7309,"stat.pickup.minecraft.beef":8,"stat.entityKilledBy.Skeleton":1,"stat.drop.minecraft.sapling":1,"stat.crouchOneCm":926,"stat.pickup.minecraft.sapling":2,"stat.pickup.minecraft.ender_pearl":8,"stat.sprintOneCm":155021,"stat.useItem.minecraft.stone_slab2":2,"stat.entityKilledBy.Enderman":1,"stat.useItem.minecraft.cactus":3,"stat.pickup.minecraft.rotten_flesh":4,"stat.pickup.minecraft.sand":28,"stat.mineBlock.minecraft.iron_bars":2,"stat.mineBlock.minecraft.cactus":4,"stat.mineBlock.millenaire.bed_straw":2,"stat.pickup.mowziesmobs.barakoa_mask_rage":1,"stat.mineBlock.minecraft.leaves2":1,"stat.pickup.mowziesmobs.barakoa_mask_fear":1,"stat.entityKilledBy.grimoireofgaia.ant":1,"stat.mineBlock.minecraft.log2":5,"stat.pickup.minecraft.wooden_pickaxe":2,"stat.damageTaken":2485,"stat.pickup.minecraft.leather":6,"stat.useItem.minecraft.wooden_pickaxe":2,"stat.mobKills":4,"stat.pickup.minecraft.ender_eye":9,"stat.pickup.minecraft.log2":5,"stat.entityKilledBy.mocreatures:lion":1,"stat.pickup.minecraft.dye":1,"stat.pickup.minecraft.planks":8,"stat.useItem.minecraft.beef":4,"stat.flyOneCm":122410,"stat.deaths":9,"stat.useItem.minecraft.ender_pearl":2,"stat.pickup.minecraft.glass_bottle":1,"stat.pickup.minecraft.wheat_seeds":3,"stat.drop":4,"stat.mineBlock.minecraft.sand":3,"stat.playOneMinute":29245,"stat.drop.minecraft.wheat_seeds":3,"stat.entityKilledBy.Zombie":1,"stat.pickup.minecraft.cactus":7,"stat.sneakTime":198,"stat.damageDealt":553,"stat.timeSinceDeath":6586,"stat.pickup.minecraft.iron_bars":2,"stat.pickup.mocreatures.hide":4,"stat.killEntity.Cow":4}