{"stat.pickup.minecraft.bone":56,"stat.useItem.minecraft.iron_axe":10,"stat.leaveGame":2,"stat.mineBlock.minecraft.cobblestone":3,"stat.pickup.minecraft.stone_pickaxe":5,"stat.craftItem.minecraft.iron_axe":1,"stat.useItem.minecraft.diamond_sword":13,"stat.swimOneCm":32837,"stat.useItem.minecraft.planks":1,"stat.craftItem.minecraft.shield":1,"stat.climbOneCm":349,"stat.useItem.minecraft.dirt":1,"stat.useItem.minecraft.stone_slab2":14,"stat.pickup.minecraft.bow":4,"stat.pickup.minecraft.iron_boots":3,"stat.mineBlock.minecraft.stone_brick_stairs":1,"stat.pickup.minecraft.rotten_flesh":137,"stat.pickup.minecraft.sand":28,"stat.craftItem.minecraft.furnace":1,"stat.useItem.minecraft.iron_ore":1,"stat.craftItem.minecraft.stone_pickaxe":1,"stat.craftItem.minecraft.cooked_beef":4,"stat.pickup.minecraft.cobblestone":520,"stat.entityKilledBy.mocreatures:lion":1,"stat.craftItem.minecraft.stone_sword":2,"stat.flyOneCm":181779,"stat.pickup.minecraft.glass_bottle":1,"stat.useItem.minecraft.ender_pearl":2,"stat.mineBlock.minecraft.sand":3,"stat.drop.minecraft.wheat_seeds":3,"stat.useItem.minecraft.cooked_beef":3,"stat.pickup.minecraft.cactus":7,"stat.mineBlock.minecraft.iron_ore":6,"stat.timeSinceDeath":5552,"stat.useItem.minecraft.iron_pickaxe":22,"stat.craftItem.minecraft.wooden_pickaxe":1,"stat.pickup.sexmod.allies_lamp":2,"stat.pickup.minecraft.stonebrick":4,"stat.furnaceInteraction":9,"stat.mineBlock.minecraft.coal_ore":27,"stat.pickup.minecraft.shield":2,"stat.entityKilledBy.WitherSkeleton":1,"stat.pickup.minecraft.beef":8,"stat.useItem.minecraft.milk_bucket":1,"stat.entityKilledBy.Skeleton":2,"stat.sprintOneCm":270937,"stat.pickup.minecraft.iron_chestplate":3,"stat.craftItem.minecraft.stick":36,"stat.entityKilledBy.grimoireofgaia.orc":1,"stat.mineBlock.millenaire.bed_straw":2,"stat.pickup.mowziesmobs.barakoa_mask_rage":1,"stat.pickup.mowziesmobs.barakoa_mask_fear":1,"stat.pickup.minecraft.emerald":4,"stat.useItem.minecraft.beef":4,"stat.deaths":19,"stat.mineBlock.minecraft.planks":1,"stat.drop":4,"stat.playOneMinute":105238,"stat.killEntity.Zombie":40,"stat.pickup.minecraft.iron_bars":26,"stat.pickup.mocreatures.hide":4,"stat.mineBlock.minecraft.tallgrass":5,"stat.diveOneCm":37516,"stat.chestOpened":12,"stat.pickup.millenaire.bed_straw":12,"stat.useItem.minecraft.stone":5,"stat.pickup.minecraft.gravel":8,"stat.pickup.minecraft.iron_sword":6,"stat.pickup.minecraft.arrow":4,"stat.useItem.minecraft.rotten_flesh":13,"stat.pickup.minecraft.stone_brick_stairs":3,"stat.pickup.minecraft.diamond_sword":3,"stat.jump":1165,"stat.useItem.minecraft.sand":5,"stat.pickup.mocreatures.bigcatclaw":1,"stat.pickup.minecraft.coal":63,"stat.pickup.minecraft.iron_helmet":3,"stat.fallOneCm":16094,"stat.pickup.minecraft.iron_ingot":172,"stat.crouchOneCm":3702,"stat.craftItem.minecraft.torch":104,"stat.craftItem.minecraft.iron_ingot":2,"stat.pickup.minecraft.dirt":3,"stat.craftingTableInteraction":17,"stat.pickup.minecraft.iron_ore":12,"stat.pickup.minecraft.milk_bucket":2,"stat.mineBlock.minecraft.iron_bars":8,"stat.pickup.minecraft.iron_axe":3,"stat.mineBlock.minecraft.leaves2":5,"stat.mineBlock.minecraft.log2":15,"stat.pickup.minecraft.wooden_pickaxe":2,"stat.damageTaken":5631,"stat.pickup.minecraft.leather":6,"stat.mineBlock.minecraft.torch":7,"stat.useItem.minecraft.wooden_pickaxe":24,"stat.craftItem.mca.rose_gold_ingot":23,"stat.pickup.minecraft.ender_eye":29,"stat.pickup.minecraft.log2":15,"stat.pickup.minecraft.dye":1,"stat.pickup.minecraft.planks":127,"stat.pickup.minecraft.iron_leggings":3,"stat.pickup.minecraft.wheat_seeds":3,"stat.entityKilledBy.Zombie":6,"stat.mineBlock.minecraft.gravel":4,"stat.useItem.minecraft.stone_pickaxe":88,"stat.useItem.minecraft.stone_sword":75,"stat.damageDealt":7270,"stat.killEntity.Cow":4,"stat.mineBlock.minecraft.dirt":2,"stat.craftItem.minecraft.iron_sword":1,"stat.useItem.minecraft.iron_bars":1,"stat.walkOneCm":359335,"stat.useItem.minecraft.torch":70,"stat.pickup.minecraft.golden_apple":3,"stat.pickup.minecraft.stick":37,"stat.pickup.minecraft.crafting_table":1,"stat.useItem.minecraft.cobblestone":17,"stat.craftItem.minecraft.crafting_table":2,"stat.pickup.minecraft.log":4,"stat.entityKilledBy.grimoireofgaia.anubis":3,"stat.pickup.minecraft.iron_pickaxe":5,"stat.pickup.minecraft.stone":8,"stat.pickup.mca.rose_gold_ingot":69,"stat.drop.minecraft.sapling":1,"stat.pickup.minecraft.sapling":2,"stat.pickup.minecraft.ender_pearl":13,"stat.entityKilledBy.Enderman":1,"stat.useItem.minecraft.cactus":3,"stat.pickup.minecraft.gold_ingot":45,"stat.killEntity.Skeleton":1,"stat.pickup.minecraft.coal_block":4,"stat.mineBlock.minecraft.cactus":4,"stat.mineBlock.minecraft.stonebrick":3,"stat.craftItem.minecraft.planks":56,"stat.useItem.minecraft.iron_sword":55,"stat.entityKilledBy.grimoireofgaia.ant":1,"stat.pickup.minecraft.stone_sword":4,"stat.mobKills":46,"stat.pickup.minecraft.book":72,"stat.mineBlock.minecraft.log":4,"stat.mineBlock.minecraft.bookshelf":6,"stat.useItem.minecraft.golden_apple":1,"stat.pickup.minecraft.diamond":8,"stat.pickup.minecraft.torch":234,"stat.sneakTime":4842,"stat.mineBlock.minecraft.stone":79}