{"stat.useItem.minecraft.bow":1,"stat.useItem.minecraft.end_bricks":2,"stat.mineBlock.lepidodendron.porphyry":6,"stat.pickup.minecraft.bone":8,"stat.craftItem.saint_seiya_mod.trainingclothhelmet":3,"stat.pickup.millenaire.purse":5,"stat.useItem.minecraft.iron_axe":143,"stat.leaveGame":4,"stat.mineBlock.minecraft.cobblestone":5,"stat.entityKilledBy.grimoireofgaia.sporeling":3,"stat.pickup.minecraft.stone_pickaxe":1,"stat.killEntity.grimoireofgaia.ant":13,"stat.pickup.grimoireofgaia.misc_soul_fire":1,"stat.craftItem.minecraft.iron_axe":1,"stat.mineBlock.saint_seiya_mod.northatlanticpillar":1,"stat.useItem.minecraft.diamond_sword":40,"stat.swimOneCm":80172,"stat.mineBlock.lepidodendron.scoria":8,"stat.mineBlock.lepidodendron.anthracite_ore":3,"stat.killEntity.grimoireofgaia.mite":3,"stat.useItem.minecraft.planks":7,"stat.climbOneCm":2675,"stat.craftItem.minecraft.shield":1,"stat.mineBlock.saint_seiya_mod.mainpillar":1,"stat.pickup.saint_seiya_mod.articpillarcrystal":1,"stat.craftItem.saint_seiya_mod.trainingclothbody":3,"stat.pickup.minecraft.porkchop":11,"stat.drop.millenaire.bed_straw":1,"stat.pickup.minecraft.writable_book":1,"stat.useItem.minecraft.dirt":11,"stat.useItem.minecraft.stone_slab2":38,"stat.pickup.minecraft.bow":7,"stat.entityKilledBy.grimoireofgaia.mummy":1,"stat.pickup.minecraft.rotten_flesh":11,"stat.pickup.minecraft.sand":10,"stat.craftItem.minecraft.furnace":2,"stat.pickup.saint_seiya_mod.northatlanticpillarcrystal":1,"stat.pickup.lepidodendron.small_angiosperm_seeds":3,"stat.pickup.lepidodendron.fossil_jurassic":22,"stat.craftItem.minecraft.stone_axe":1,"stat.craftItem.minecraft.stone_pickaxe":2,"stat.craftItem.minecraft.cooked_beef":14,"stat.mineBlock.millenaire.earth_deco":108,"stat.pickup.minecraft.cobblestone":270,"stat.mineBlock.saint_seiya_mod.pimacottonplant":51,"stat.flyOneCm":810929,"stat.killEntity.mocreatures:turkey":4,"stat.useItem.mocreatures.crabraw":1,"stat.craftItem.minecraft.iron_shovel":1,"stat.pickup.minecraft.brown_mushroom":1,"stat.pickup.minecraft.fish":2,"stat.craftItem.saint_seiya_mod.poseidonkey":1,"stat.killEntity.Witch":1,"stat.useItem.minecraft.cooked_beef":22,"stat.pickup.patchouli.guide_book":2,"stat.pickup.minecraft.redstone":6,"stat.mineBlock.minecraft.iron_ore":34,"stat.timeSinceDeath":12042,"stat.useItem.minecraft.iron_pickaxe":219,"stat.craftItem.minecraft.wooden_pickaxe":1,"stat.pickup.minecraft.mutton":1,"stat.useItem.minecraft.iron_shovel":109,"stat.killEntity.mocreatures:bass":1,"stat.furnaceInteraction":34,"stat.killEntity.mocreatures:crab":1,"stat.drop.minecraft.dirt":1,"stat.useItem.minecraft.cooked_porkchop":6,"stat.mineBlock.minecraft.coal_ore":91,"stat.talkedToVillager":9,"stat.entityKilledBy.grimoireofgaia.harpy":2,"stat.pickup.minecraft.prismarine":11,"stat.killEntity.mocreatures:shark":2,"stat.pickup.minecraft.beef":14,"stat.useItem.minecraft.cooked_mutton":1,"stat.pickup.saint_seiya_mod.pimacotton":54,"stat.craftItem.minecraft.stone_slab2":0,"stat.mineBlock.minecraft.end_bricks":4,"stat.sprintOneCm":431953,"stat.craftItem.minecraft.stick":40,"stat.craftItem.minecraft.wooden_axe":1,"stat.mineBlock.millenaire.bed_straw":3,"stat.killEntity.grimoireofgaia.matango":3,"stat.mineBlock.lepidodendron.peridotite":5,"stat.craftItem.minecraft.stone":18,"stat.mineBlock.minecraft.crafting_table":1,"stat.pickup.minecraft.sugar":2,"stat.deaths":19,"stat.mineBlock.minecraft.planks":7,"stat.drop":15,"stat.pickup.minecraft.egg":1,"stat.mineBlock.saint_seiya_mod.indicopillar":1,"stat.playOneMinute":379417,"stat.pickup.mocreatures.crabraw":1,"stat.pickup.saint_seiya_mod.trainingclothlegs":6,"stat.killEntity.Sheep":1,"stat.craftItem.minecraft.iron_pickaxe":2,"stat.pickup.minecraft.slime_ball":1,"stat.useItem.lepidodendron.bivalve_raw":1,"stat.pickup.saint_seiya_mod.southatlanticpillarcrystal":1,"stat.killEntity.Zombie":2,"stat.drop.minecraft.torch":7,"stat.pickup.mocreatures.hide":10,"stat.mineBlock.minecraft.tallgrass":8,"stat.craftItem.minecraft.cooked_mutton":2,"stat.diveOneCm":55259,"stat.entityKilledBy.grimoireofgaia.toad":7,"stat.pickup.minecraft.wheat":54,"stat.chestOpened":45,"stat.pickup.saint_seiya_mod.trainingclothhelmet":3,"stat.pickup.millenaire.bed_straw":8,"stat.pickup.lepidodendron.olive_berries":34,"stat.pickup.lepidodendron.porphyry":6,"stat.pickup.minecraft.arrow":323,"stat.craftItem.minecraft.cooked_porkchop":6,"stat.killEntity.grimoireofgaia.cyan_flower":2,"stat.pickup.minecraft.stone_axe":1,"stat.useItem.minecraft.porkchop":5,"stat.pickup.minecraft.gold_nugget":4,"stat.useItem.minecraft.rotten_flesh":1,"stat.pickup.minecraft.diamond_sword":8,"stat.jump":3849,"stat.pickup.minecraft.fence":1,"stat.pickup.minecraft.coal":132,"stat.pickup.mocreatures.bigcatclaw":11,"stat.fallOneCm":72530,"stat.pickup.minecraft.iron_ingot":5,"stat.useItem.minecraft.stone_axe":107,"stat.pickup.minecraft.gunpowder":1,"stat.crouchOneCm":26917,"stat.pickup.saint_seiya_mod.antarticpillarcrystal":1,"stat.craftItem.minecraft.torch":40,"stat.craftItem.minecraft.iron_ingot":7,"stat.craftItem.minecraft.chest":4,"stat.pickup.minecraft.dirt":44,"stat.pickup.minecraft.red_mushroom":1,"stat.craftingTableInteraction":34,"stat.pickup.minecraft.iron_ore":53,"stat.boatOneCm":120958,"stat.useItem.minecraft.sapling":4,"stat.mineBlock.saint_seiya_mod.northpacificpillar":1,"stat.killEntity.mocreatures:lion":9,"stat.pickup.minecraft.iron_axe":7,"stat.mineBlock.minecraft.leaves2":5,"stat.mineBlock.minecraft.log2":13,"stat.damageTaken":7168,"stat.pickup.minecraft.feather":8,"stat.pickup.minecraft.leather":7,"stat.pickup.lepidodendron.fossil_pleistocene":2,"stat.mineBlock.minecraft.torch":1,"stat.useItem.minecraft.wooden_pickaxe":59,"stat.killEntity.grimoireofgaia.horse":1,"stat.pickup.minecraft.log2":26,"stat.pickup.minecraft.dye":12,"stat.pickup.minecraft.planks":29,"stat.pickup.minecraft.reeds":12,"stat.pickup.saint_seiya_mod.southpacificpillarcrystal":1,"stat.pickup.minecraft.wheat_seeds":23,"stat.pickup.saint_seiya_mod.trainingclothbody":6,"stat.mineBlock.lepidodendron.fossil_jurassic":14,"stat.mineBlock.saint_seiya_mod.antarticpillar":1,"stat.killEntity.grimoireofgaia.anubis":1,"stat.useItem.minecraft.stone_pickaxe":161,"stat.pickup.millenaire.earth_deco":101,"stat.mineBlock.saint_seiya_mod.southatlanticpillar":1,"stat.damageDealt":21578,"stat.sleepInBed":35,"stat.pickup.minecraft.end_bricks":4,"stat.killEntity.Cow":8,"stat.mineBlock.minecraft.dirt":35,"stat.killEntity.Pig":3,"stat.pickup.minecraft.boat":1,"stat.craftItem.minecraft.stone_shovel":1,"stat.pickup.saint_seiya_mod.indicopillarcrystal":1,"stat.pickup.lepidodendron.fossil_neogene":4,"stat.walkOneCm":1392546,"stat.useItem.minecraft.torch":6,"stat.useItem.minecraft.chest":2,"stat.pickup.minecraft.stick":52,"stat.pickup.minecraft.iron_nugget":50,"stat.useItem.mocreatures.turkeyraw":4,"stat.mineBlock.saint_seiya_mod.articpillar":1,"stat.pickup.minecraft.crafting_table":1,"stat.useItem.minecraft.log":2,"stat.killEntity.grimoireofgaia.werecat":1,"stat.mineBlock.lepidodendron.fossil_neogene":2,"stat.pickup.minecraft.clay_ball":10,"stat.useItem.minecraft.cobblestone":6,"stat.craftItem.minecraft.crafting_table":4,"stat.craftItem.minecraft.boat":1,"stat.pickup.grimoireofgaia.food_honey":6,"stat.pickup.millenaire.denierargent":22,"stat.pickup.saint_seiya_mod.northpacificpillarcrystal":1,"stat.pickup.minecraft.log":111,"stat.entityKilledBy.grimoireofgaia.anubis":2,"stat.pickup.minecraft.iron_pickaxe":8,"stat.pickup.lepidodendron.bivalve_raw":1,"stat.entityKilledBy.grimoireofgaia.minotaurus":1,"stat.pickup.lepidodendron.anthracite":5,"stat.mineBlock.lepidodendron.bivalve_green":1,"stat.craftItem.saint_seiya_mod.trainingclothlegs":3,"stat.pickup.minecraft.stone":9,"stat.killEntity.grimoireofgaia.mummy":1,"stat.killEntity.grimoireofgaia.dullahan":1,"stat.drop.minecraft.gold_nugget":2,"stat.pickup.lepidodendron.peridotite":10,"stat.pickup.minecraft.sapling":3974,"stat.pickup.minecraft.wooden_door":5,"stat.pickup.mocreatures.turkeyraw":4,"stat.pickup.minecraft.cooked_beef":193,"stat.pickup.minecraft.apple":1,"stat.drop.minecraft.bow":1,"stat.killEntity.Skeleton":1,"stat.drop.minecraft.fish":2,"stat.craftItem.minecraft.planks":100,"stat.entityKilledBy.grimoireofgaia.ant":3,"stat.mineBlock.minecraft.prismarine":11,"stat.useItem.lepidodendron.fossil_jurassic":4,"stat.killEntity.grimoireofgaia.harpy":2,"stat.mineBlock.lepidodendron.fossil_pleistocene":1,"stat.mobKills":72,"stat.mineBlock.minecraft.log":88,"stat.useItem.minecraft.boat":2,"stat.mineBlock.saint_seiya_mod.southpacificpillar":1,"stat.mineBlock.minecraft.leaves":19,"stat.useItem.minecraft.writable_book":1,"stat.killEntity.grimoireofgaia.naga":1,"stat.pickup.minecraft.torch":48,"stat.pickup.minecraft.red_flower":11,"stat.sneakTime":11120,"stat.pickup.minecraft.wool":4,"stat.useItem.minecraft.wooden_axe":17,"stat.pickup.minecraft.yellow_flower":1,"stat.pickup.lepidodendron.scoria":8,"stat.killEntity.grimoireofgaia.toad":1,"stat.mineBlock.minecraft.stone":245,"stat.pickup.saint_seiya_mod.mainpillarcrystal":1,"stat.drop.minecraft.wooden_axe":1}