{"stat.pickup.grimoireofgaia.food_meat":1,"stat.walkOneCm":205491,"stat.pickup.minecraft.bone":6,"stat.useItem.minecraft.torch":13,"stat.killEntity.grimoireofgaia.orc":2,"stat.pickup.minecraft.stick":9,"stat.pickup.minecraft.iron_nugget":6,"stat.drop.minecraft.wooden_pickaxe":1,"stat.pickup.minecraft.arrow":8,"stat.pickup.minecraft.crafting_table":2,"stat.pickup.minecraft.stone_pickaxe":1,"stat.craftItem.minecraft.crafting_table":3,"stat.furnaceInteraction":1,"stat.pickup.minecraft.stone_axe":1,"stat.killEntity.grimoireofgaia.ant":1,"stat.mineBlock.minecraft.coal_ore":28,"stat.useItem.grimoireofgaia.food_meat":1,"stat.pickup.minecraft.log":10,"stat.useItem.minecraft.rotten_flesh":6,"stat.entityKilledBy.mocreatures:biggolem":1,"stat.entityKilledBy.grimoireofgaia.anubis":1,"stat.jump":1093,"stat.swimOneCm":3369,"stat.pickup.minecraft.coal":48,"stat.fallOneCm":23086,"stat.drop.minecraft.cobblestone":1,"stat.entityKilledBy.Skeleton":1,"stat.useItem.minecraft.stone_axe":4,"stat.drop.minecraft.planks":8,"stat.pickup.minecraft.stone":26,"stat.crouchOneCm":1762,"stat.craftItem.minecraft.torch":32,"stat.pickup.minecraft.sapling":5,"stat.pickup.minecraft.ender_pearl":1,"stat.entityKilledBy.mutantbeasts.mutant_zombie":1,"stat.pickup.minecraft.dirt":4,"stat.sprintOneCm":119743,"stat.useItem.minecraft.stone_slab2":5,"stat.entityKilledBy.Enderman":1,"stat.craftItem.minecraft.stick":32,"stat.craftItem.minecraft.wooden_axe":1,"stat.craftingTableInteraction":11,"stat.pickup.minecraft.rotten_flesh":9,"stat.entityKilledBy.grimoireofgaia.orc":1,"stat.pickup.minecraft.sand":21,"stat.craftItem.minecraft.furnace":1,"stat.mineBlock.minecraft.iron_bars":2,"stat.entityKilledBy.Spider":1,"stat.craftItem.minecraft.planks":92,"stat.craftItem.minecraft.stone_axe":1,"stat.mineBlock.minecraft.leaves2":6,"stat.entityKilledBy.grimoireofgaia.ant":1,"stat.mineBlock.minecraft.log2":14,"stat.pickup.minecraft.wooden_pickaxe":1,"stat.damageTaken":2815,"stat.mineBlock.minecraft.crafting_table":1,"stat.pickup.minecraft.stone_sword":1,"stat.craftItem.minecraft.stone_pickaxe":2,"stat.useItem.minecraft.wooden_pickaxe":27,"stat.mobKills":4,"stat.pickup.minecraft.cobblestone":35,"stat.pickup.minecraft.ender_eye":1,"stat.mineBlock.minecraft.log":10,"stat.pickup.minecraft.log2":23,"stat.pickup.minecraft.planks":21,"stat.craftItem.minecraft.stone_sword":1,"stat.flyOneCm":228561,"stat.deaths":10,"stat.pickup.minecraft.glass_bottle":1,"stat.drop":10,"stat.mineBlock.minecraft.leaves":1,"stat.playOneMinute":46438,"stat.pickup.minecraft.torch":19,"stat.useItem.minecraft.stone_pickaxe":64,"stat.pickup.minecraft.cactus":2,"stat.sneakTime":637,"stat.useItem.minecraft.stone_sword":16,"stat.damageDealt":1822,"stat.killEntity.Zombie":1,"stat.timeSinceDeath":2781,"stat.pickup.minecraft.iron_bars":1,"stat.useItem.minecraft.wooden_axe":30,"stat.pickup.mocreatures.hide":2,"stat.mineBlock.minecraft.dirt":3,"stat.craftItem.minecraft.wooden_pickaxe":3,"stat.mineBlock.minecraft.stone":48,"stat.mineBlock.minecraft.tallgrass":2}