{"stat.pickup.minecraft.bone":9,"stat.leaveGame":2,"stat.pickup.minecraft.stone_pickaxe":3,"stat.killEntity.grimoireofgaia.ant":1,"stat.swimOneCm":7276,"stat.drop.minecraft.cobblestone":5,"stat.entityKilledBy.mutantbeasts.mutant_zombie":1,"stat.useItem.minecraft.stone_slab2":6,"stat.pickup.minecraft.rotten_flesh":11,"stat.pickup.minecraft.sand":53,"stat.craftItem.minecraft.furnace":1,"stat.entityKilledBy.Spider":1,"stat.craftItem.minecraft.stone_axe":1,"stat.craftItem.minecraft.stone_pickaxe":2,"stat.pickup.minecraft.cobblestone":88,"stat.craftItem.minecraft.stone_sword":1,"stat.flyOneCm":345799,"stat.killEntity.mocreatures:turkey":2,"stat.pickup.minecraft.glass_bottle":1,"stat.useItem.mocreatures.crabraw":1,"stat.mineBlock.minecraft.sand":13,"stat.pickup.minecraft.cactus":2,"stat.timeSinceDeath":27325,"stat.craftItem.minecraft.wooden_pickaxe":3,"stat.furnaceInteraction":4,"stat.killEntity.mocreatures:crab":1,"stat.mineBlock.minecraft.coal_ore":28,"stat.entityKilledBy.mocreatures:biggolem":1,"stat.entityKilledBy.Skeleton":1,"stat.craftItem.minecraft.stone_slab2":0,"stat.sprintOneCm":176030,"stat.craftItem.minecraft.stick":32,"stat.craftItem.minecraft.wooden_axe":1,"stat.entityKilledBy.grimoireofgaia.orc":1,"stat.mineBlock.minecraft.crafting_table":2,"stat.pickup.minecraft.emerald":2,"stat.deaths":12,"stat.drop":17,"stat.playOneMinute":86655,"stat.pickup.mocreatures.crabraw":1,"stat.killEntity.Zombie":3,"stat.pickup.minecraft.iron_bars":1,"stat.pickup.mocreatures.hide":4,"stat.mineBlock.minecraft.tallgrass":5,"stat.diveOneCm":2325,"stat.chestOpened":22,"stat.killEntity.grimoireofgaia.orc":2,"stat.drop.minecraft.wooden_pickaxe":1,"stat.pickup.minecraft.arrow":16,"stat.pickup.minecraft.stone_axe":1,"stat.useItem.minecraft.rotten_flesh":9,"stat.jump":1797,"stat.pickup.minecraft.coal":68,"stat.fallOneCm":40035,"stat.useItem.minecraft.stone_axe":30,"stat.crouchOneCm":5187,"stat.craftItem.minecraft.torch":32,"stat.pickup.minecraft.dirt":14,"stat.craftingTableInteraction":11,"stat.mineBlock.minecraft.iron_bars":2,"stat.mineBlock.minecraft.leaves2":6,"stat.mineBlock.minecraft.log2":16,"stat.pickup.minecraft.wooden_pickaxe":3,"stat.damageTaken":3510,"stat.pickup.minecraft.feather":2,"stat.useItem.minecraft.wooden_pickaxe":27,"stat.pickup.minecraft.ender_eye":1,"stat.pickup.minecraft.log2":25,"stat.pickup.minecraft.planks":83,"stat.useItem.minecraft.stone_pickaxe":117,"stat.useItem.minecraft.stone_sword":25,"stat.damageDealt":2695,"stat.sleepInBed":1,"stat.mineBlock.minecraft.dirt":6,"stat.drop.minecraft.stick":3,"stat.pickup.grimoireofgaia.food_meat":1,"stat.walkOneCm":324227,"stat.useItem.minecraft.torch":16,"stat.useItem.mocreatures.turkeycooked":1,"stat.pickup.minecraft.stick":12,"stat.pickup.minecraft.iron_nugget":9,"stat.useItem.mocreatures.turkeyraw":2,"stat.pickup.minecraft.crafting_table":3,"stat.craftItem.minecraft.crafting_table":3,"stat.craftItem.mocreatures.turkeycooked":1,"stat.useItem.grimoireofgaia.food_meat":1,"stat.pickup.minecraft.log":14,"stat.entityKilledBy.grimoireofgaia.anubis":1,"stat.drop.minecraft.planks":8,"stat.pickup.minecraft.stone":42,"stat.pickup.minecraft.sapling":5,"stat.pickup.minecraft.ender_pearl":1,"stat.entityKilledBy.Enderman":1,"stat.pickup.mocreatures.turkeyraw":2,"stat.pickup.minecraft.gold_ingot":2,"stat.craftItem.minecraft.planks":116,"stat.entityKilledBy.grimoireofgaia.ant":1,"stat.pickup.minecraft.stone_sword":3,"stat.mobKills":11,"stat.mineBlock.minecraft.log":14,"stat.pickup.minecraft.diamond":1,"stat.mineBlock.minecraft.leaves":7,"stat.pickup.minecraft.torch":19,"stat.sneakTime":1643,"stat.useItem.minecraft.wooden_axe":30,"stat.mineBlock.minecraft.stone":99}