{"stat.pickup.minecraft.bone":9,"stat.leaveGame":3,"stat.pickup.minecraft.stone_pickaxe":4,"stat.killEntity.grimoireofgaia.ant":1,"stat.swimOneCm":7932,"stat.drop.minecraft.cobblestone":5,"stat.entityKilledBy.mutantbeasts.mutant_zombie":1,"stat.useItem.minecraft.stone_slab2":6,"stat.pickup.minecraft.rotten_flesh":11,"stat.pickup.minecraft.sand":76,"stat.craftItem.minecraft.furnace":1,"stat.entityKilledBy.Spider":1,"stat.craftItem.minecraft.stone_axe":1,"stat.craftItem.minecraft.stone_pickaxe":2,"stat.pickup.minecraft.cobblestone":137,"stat.craftItem.minecraft.stone_sword":1,"stat.flyOneCm":358237,"stat.killEntity.mocreatures:turkey":2,"stat.pickup.minecraft.glass_bottle":1,"stat.useItem.mocreatures.crabraw":1,"stat.mineBlock.minecraft.sand":14,"stat.pickup.minecraft.cactus":2,"stat.timeSinceDeath":5094,"stat.craftItem.minecraft.wooden_pickaxe":3,"stat.pickup.sexmod.allies_lamp":1,"stat.furnaceInteraction":5,"stat.killEntity.mocreatures:crab":1,"stat.mineBlock.minecraft.coal_ore":28,"stat.entityKilledBy.mocreatures:biggolem":1,"stat.entityKilledBy.Skeleton":1,"stat.craftItem.minecraft.stone_slab2":0,"stat.sprintOneCm":182006,"stat.craftItem.minecraft.stick":32,"stat.craftItem.minecraft.wooden_axe":1,"stat.entityKilledBy.grimoireofgaia.orc":1,"stat.mineBlock.minecraft.crafting_table":2,"stat.pickup.minecraft.emerald":2,"stat.deaths":13,"stat.drop":17,"stat.playOneMinute":92113,"stat.pickup.mocreatures.crabraw":1,"stat.killEntity.Zombie":3,"stat.pickup.minecraft.iron_bars":1,"stat.pickup.mocreatures.hide":4,"stat.mineBlock.minecraft.tallgrass":5,"stat.diveOneCm":3077,"stat.chestOpened":28,"stat.killEntity.grimoireofgaia.orc":2,"stat.drop.minecraft.wooden_pickaxe":1,"stat.pickup.minecraft.arrow":16,"stat.pickup.minecraft.stone_axe":1,"stat.useItem.minecraft.rotten_flesh":11,"stat.jump":1845,"stat.useItem.minecraft.sand":1,"stat.pickup.minecraft.coal":68,"stat.pickup.mocreatures.bigcatclaw":2,"stat.fallOneCm":41542,"stat.useItem.minecraft.stone_axe":30,"stat.crouchOneCm":5187,"stat.craftItem.minecraft.torch":32,"stat.pickup.minecraft.dirt":16,"stat.craftingTableInteraction":11,"stat.mineBlock.minecraft.iron_bars":2,"stat.killEntity.mocreatures:lion":1,"stat.mineBlock.minecraft.leaves2":6,"stat.mineBlock.minecraft.log2":16,"stat.pickup.minecraft.wooden_pickaxe":4,"stat.damageTaken":3875,"stat.pickup.minecraft.feather":4,"stat.useItem.minecraft.wooden_pickaxe":27,"stat.pickup.minecraft.ender_eye":1,"stat.pickup.minecraft.log2":25,"stat.pickup.minecraft.planks":83,"stat.useItem.minecraft.stone_pickaxe":117,"stat.useItem.minecraft.stone_sword":34,"stat.damageDealt":2996,"stat.sleepInBed":2,"stat.mineBlock.minecraft.dirt":6,"stat.drop.minecraft.stick":3,"stat.pickup.grimoireofgaia.food_meat":1,"stat.walkOneCm":340593,"stat.useItem.minecraft.torch":16,"stat.useItem.mocreatures.turkeycooked":1,"stat.pickup.minecraft.stick":12,"stat.pickup.minecraft.iron_nugget":9,"stat.useItem.mocreatures.turkeyraw":2,"stat.pickup.minecraft.crafting_table":3,"stat.craftItem.minecraft.crafting_table":3,"stat.craftItem.mocreatures.turkeycooked":1,"stat.useItem.grimoireofgaia.food_meat":1,"stat.pickup.minecraft.log":14,"stat.entityKilledBy.grimoireofgaia.anubis":1,"stat.drop.minecraft.planks":8,"stat.pickup.minecraft.stone":42,"stat.pickup.minecraft.sapling":5,"stat.pickup.minecraft.ender_pearl":1,"stat.entityKilledBy.Enderman":1,"stat.pickup.mocreatures.turkeyraw":2,"stat.pickup.minecraft.gold_ingot":2,"stat.craftItem.minecraft.planks":116,"stat.entityKilledBy.grimoireofgaia.ant":1,"stat.pickup.minecraft.stone_sword":4,"stat.mobKills":12,"stat.mineBlock.minecraft.log":14,"stat.pickup.minecraft.diamond":1,"stat.mineBlock.minecraft.leaves":7,"stat.pickup.minecraft.torch":19,"stat.sneakTime":1646,"stat.useItem.minecraft.wooden_axe":30,"stat.mineBlock.minecraft.stone":99}