{"stat.pickup.minecraft.bone":13,"stat.useItem.minecraft.iron_axe":17,"stat.leaveGame":3,"stat.pickup.minecraft.stone_pickaxe":5,"stat.killEntity.grimoireofgaia.ant":2,"stat.pickup.millenaire.denier":123,"stat.craftItem.minecraft.iron_axe":1,"stat.pickup.millenaire.negationwand":1,"stat.drop.minecraft.shield":1,"stat.swimOneCm":41328,"stat.craftItem.minecraft.shield":2,"stat.climbOneCm":1652,"stat.drop.minecraft.cobblestone":5,"stat.entityKilledBy.mutantbeasts.mutant_zombie":1,"stat.useItem.minecraft.stone_slab2":12,"stat.pickup.minecraft.iron_boots":3,"stat.pickup.minecraft.rotten_flesh":38,"stat.pickup.minecraft.sand":76,"stat.craftItem.minecraft.furnace":2,"stat.entityKilledBy.Spider":1,"stat.pickup.aether_legacy.iron_gloves":3,"stat.craftItem.minecraft.stone_axe":1,"stat.craftItem.minecraft.iron_boots":1,"stat.craftItem.minecraft.stone_pickaxe":2,"stat.pickup.minecraft.cobblestone":183,"stat.craftItem.minecraft.stone_sword":1,"stat.flyOneCm":475747,"stat.killEntity.mocreatures:turkey":2,"stat.pickup.minecraft.glass_bottle":1,"stat.useItem.mocreatures.crabraw":1,"stat.pickup.mowziesmobs.barakoa_mask_misery":3,"stat.mineBlock.minecraft.sand":14,"stat.pickup.minecraft.cactus":2,"stat.pickup.minecraft.redstone":45,"stat.mineBlock.minecraft.iron_ore":50,"stat.timeSinceDeath":246,"stat.useItem.minecraft.iron_pickaxe":47,"stat.craftItem.minecraft.wooden_pickaxe":3,"stat.pickup.minecraft.mossy_cobblestone":1,"stat.pickup.sexmod.allies_lamp":1,"stat.furnaceInteraction":25,"stat.killEntity.mocreatures:crab":1,"stat.craftItem.aether_legacy.iron_gloves":1,"stat.useItem.minecraft.cooked_porkchop":4,"stat.mineBlock.minecraft.coal_ore":46,"stat.pickup.minecraft.shield":7,"stat.pickup.minecraft.nether_brick":5,"stat.pickup.minecraft.string":2,"stat.entityKilledBy.mocreatures:biggolem":1,"stat.entityKilledBy.Skeleton":4,"stat.craftItem.minecraft.stone_slab2":0,"stat.useItem.minecraft.written_book":1,"stat.sprintOneCm":267271,"stat.pickup.minecraft.iron_chestplate":3,"stat.craftItem.minecraft.stick":44,"stat.craftItem.minecraft.wooden_axe":1,"stat.entityKilledBy.grimoireofgaia.orc":1,"stat.drop.aether_legacy.iron_gloves":4,"stat.mineBlock.minecraft.crafting_table":2,"stat.useItem.minecraft.diamond_pickaxe":49,"stat.pickup.minecraft.emerald":6,"stat.deaths":20,"stat.drop":24,"stat.playOneMinute":177223,"stat.pickup.mocreatures.crabraw":1,"stat.craftItem.minecraft.iron_pickaxe":2,"stat.craftItem.minecraft.diamond_pickaxe":1,"stat.killEntity.Zombie":7,"stat.pickup.minecraft.iron_bars":9,"stat.pickup.mocreatures.hide":4,"stat.mineBlock.minecraft.gold_ore":6,"stat.mineBlock.minecraft.tallgrass":16,"stat.diveOneCm":31233,"stat.chestOpened":82,"stat.killEntity.grimoireofgaia.orc":2,"stat.drop.minecraft.wooden_pickaxe":1,"stat.pickup.minecraft.arrow":18,"stat.pickup.minecraft.iron_sword":3,"stat.pickup.minecraft.stone_axe":1,"stat.useItem.minecraft.rotten_flesh":17,"stat.drop.minecraft.iron_pickaxe":1,"stat.pickup.minecraft.stone_brick_stairs":1,"stat.jump":2672,"stat.useItem.minecraft.sand":1,"stat.pickup.minecraft.coal":86,"stat.pickup.mocreatures.bigcatclaw":2,"stat.pickup.minecraft.iron_helmet":3,"stat.fallOneCm":54107,"stat.pickup.minecraft.iron_ingot":15,"stat.useItem.minecraft.stone_axe":30,"stat.entityKilledBy.CaveSpider":1,"stat.crouchOneCm":13244,"stat.craftItem.minecraft.torch":32,"stat.craftItem.minecraft.iron_ingot":55,"stat.pickup.minecraft.dirt":19,"stat.craftItem.minecraft.iron_helmet":1,"stat.pickup.millenaire.stone_deco":7,"stat.craftingTableInteraction":21,"stat.pickup.minecraft.iron_ore":54,"stat.mineBlock.minecraft.iron_bars":8,"stat.pickup.minecraft.gold_ore":6,"stat.mineBlock.minecraft.lapis_ore":4,"stat.killEntity.mocreatures:lion":1,"stat.pickup.minecraft.iron_axe":4,"stat.mineBlock.minecraft.leaves2":6,"stat.mineBlock.minecraft.log2":16,"stat.pickup.minecraft.wooden_pickaxe":5,"stat.damageTaken":6153,"stat.pickup.minecraft.feather":10,"stat.useItem.minecraft.wooden_pickaxe":41,"stat.pickup.minecraft.ender_eye":1,"stat.pickup.minecraft.log2":25,"stat.pickup.minecraft.dye":28,"stat.pickup.minecraft.planks":173,"stat.pickup.minecraft.iron_leggings":3,"stat.pickup.minecraft.wheat_seeds":5,"stat.entityKilledBy.Zombie":1,"stat.useItem.minecraft.stone_pickaxe":137,"stat.useItem.minecraft.stone_sword":88,"stat.craftItem.minecraft.iron_leggings":1,"stat.damageDealt":5315,"stat.sleepInBed":4,"stat.mineBlock.minecraft.dirt":8,"stat.useItem.minecraft.crafting_table":1,"stat.craftItem.minecraft.iron_sword":1,"stat.drop.minecraft.stick":3,"stat.drop.minecraft.iron_axe":1,"stat.useItem.minecraft.iron_bars":4,"stat.pickup.grimoireofgaia.food_meat":1,"stat.walkOneCm":640513,"stat.useItem.minecraft.torch":87,"stat.useItem.mocreatures.turkeycooked":1,"stat.pickup.minecraft.stick":12,"stat.pickup.minecraft.iron_nugget":18,"stat.pickup.minecraft.diamond_pickaxe":3,"stat.useItem.mocreatures.turkeyraw":2,"stat.pickup.minecraft.crafting_table":3,"stat.useItem.minecraft.cobblestone":32,"stat.craftItem.minecraft.crafting_table":6,"stat.craftItem.mocreatures.turkeycooked":1,"stat.useItem.minecraft.lava_bucket":2,"stat.pickup.grimoireofgaia.food_honey":1,"stat.pickup.millenaire.denierargent":11,"stat.useItem.grimoireofgaia.food_meat":1,"stat.pickup.minecraft.log":14,"stat.entityKilledBy.grimoireofgaia.anubis":1,"stat.pickup.minecraft.iron_pickaxe":2,"stat.drop.minecraft.planks":8,"stat.pickup.minecraft.stone":47,"stat.craftItem.minecraft.iron_chestplate":1,"stat.pickup.minecraft.chicken":3,"stat.pickup.minecraft.sapling":5,"stat.pickup.minecraft.ender_pearl":1,"stat.entityKilledBy.Enderman":1,"stat.pickup.mocreatures.turkeyraw":2,"stat.pickup.minecraft.gold_ingot":11,"stat.killEntity.Skeleton":2,"stat.craftItem.minecraft.bucket":1,"stat.craftItem.minecraft.planks":244,"stat.useItem.minecraft.iron_sword":39,"stat.killEntity.Chicken":3,"stat.entityKilledBy.grimoireofgaia.ant":2,"stat.pickup.minecraft.stone_sword":8,"stat.mobKills":27,"stat.mineBlock.minecraft.log":14,"stat.pickup.minecraft.diamond":4,"stat.mineBlock.minecraft.leaves":7,"stat.pickup.minecraft.torch":185,"stat.mineBlock.minecraft.redstone_ore":10,"stat.sneakTime":5322,"stat.useItem.minecraft.wooden_axe":30,"stat.mineBlock.minecraft.stone":136}