{"stat.walkOneCm":68609,"stat.craftItem.saint_seiya_mod.trainingclothhelmet":1,"stat.craftItem.minecraft.planks":24,"stat.leaveGame":1,"stat.mineBlock.minecraft.leaves2":5,"stat.mineBlock.minecraft.log2":13,"stat.damageTaken":524,"stat.craftItem.minecraft.crafting_table":1,"stat.useItem.minecraft.wooden_pickaxe":59,"stat.pickup.minecraft.cobblestone":47,"stat.mineBlock.minecraft.coal_ore":3,"stat.pickup.minecraft.log2":26,"stat.mineBlock.minecraft.log":6,"stat.entityKilledBy.grimoireofgaia.harpy":1,"stat.mineBlock.saint_seiya_mod.pimacottonplant":26,"stat.pickup.minecraft.log":6,"stat.flyOneCm":42492,"stat.deaths":2,"stat.jump":256,"stat.swimOneCm":2276,"stat.mineBlock.lepidodendron.scoria":8,"stat.playOneMinute":27647,"stat.pickup.minecraft.coal":3,"stat.fallOneCm":5976,"stat.sneakTime":165,"stat.entityKilledBy.grimoireofgaia.minotaurus":1,"stat.pickup.saint_seiya_mod.pimacotton":27,"stat.damageDealt":7,"stat.craftItem.saint_seiya_mod.trainingclothbody":1,"stat.craftItem.saint_seiya_mod.trainingclothlegs":1,"stat.pickup.patchouli.guide_book":2,"stat.crouchOneCm":533,"stat.sleepInBed":1,"stat.timeSinceDeath":19789,"stat.pickup.minecraft.dirt":7,"stat.useItem.minecraft.dirt":3,"stat.sprintOneCm":11093,"stat.mineBlock.minecraft.dirt":5,"stat.useItem.minecraft.stone_slab2":3,"stat.pickup.lepidodendron.scoria":8,"stat.craftItem.minecraft.wooden_pickaxe":1,"stat.mineBlock.minecraft.stone":47,"stat.mineBlock.minecraft.tallgrass":2,"stat.diveOneCm":1073,"stat.craftItem.minecraft.stick":4,"stat.craftingTableInteraction":8}