{"stat.craftItem.saint_seiya_mod.trainingclothhelmet":1,"stat.leaveGame":1,"stat.jump":308,"stat.swimOneCm":2765,"stat.mineBlock.lepidodendron.scoria":8,"stat.pickup.minecraft.coal":3,"stat.fallOneCm":6812,"stat.craftItem.saint_seiya_mod.trainingclothbody":1,"stat.crouchOneCm":533,"stat.pickup.minecraft.dirt":7,"stat.useItem.minecraft.dirt":3,"stat.useItem.minecraft.stone_slab2":3,"stat.craftingTableInteraction":9,"stat.mineBlock.minecraft.leaves2":5,"stat.mineBlock.minecraft.log2":13,"stat.damageTaken":524,"stat.craftItem.minecraft.stone_pickaxe":1,"stat.useItem.minecraft.wooden_pickaxe":59,"stat.pickup.minecraft.cobblestone":47,"stat.pickup.minecraft.log2":26,"stat.mineBlock.saint_seiya_mod.pimacottonplant":26,"stat.flyOneCm":53795,"stat.damageDealt":7,"stat.pickup.patchouli.guide_book":2,"stat.sleepInBed":2,"stat.timeSinceDeath":24359,"stat.mineBlock.minecraft.dirt":5,"stat.craftItem.minecraft.wooden_pickaxe":1,"stat.walkOneCm":73773,"stat.craftItem.minecraft.crafting_table":1,"stat.mineBlock.minecraft.coal_ore":3,"stat.entityKilledBy.grimoireofgaia.harpy":1,"stat.pickup.minecraft.log":6,"stat.entityKilledBy.grimoireofgaia.minotaurus":1,"stat.pickup.saint_seiya_mod.pimacotton":27,"stat.craftItem.saint_seiya_mod.trainingclothlegs":1,"stat.sprintOneCm":15209,"stat.craftItem.minecraft.stick":4,"stat.craftItem.minecraft.planks":24,"stat.mineBlock.minecraft.log":6,"stat.deaths":2,"stat.playOneMinute":32217,"stat.sneakTime":165,"stat.pickup.lepidodendron.scoria":8,"stat.mineBlock.minecraft.stone":47,"stat.mineBlock.minecraft.tallgrass":2,"stat.diveOneCm":1961}