{"stat.walkOneCm":82869,"stat.pickup.minecraft.iron_nugget":3,"stat.drop.minecraft.wooden_pickaxe":1,"stat.pickup.minecraft.crafting_table":2,"stat.craftItem.minecraft.crafting_table":1,"stat.killEntity.grimoireofgaia.ant":1,"stat.pickup.minecraft.log":6,"stat.entityKilledBy.mocreatures:biggolem":1,"stat.entityKilledBy.grimoireofgaia.anubis":1,"stat.jump":689,"stat.swimOneCm":2950,"stat.fallOneCm":16805,"stat.drop.minecraft.cobblestone":1,"stat.drop.minecraft.planks":8,"stat.crouchOneCm":347,"stat.pickup.minecraft.sapling":1,"stat.sprintOneCm":60032,"stat.useItem.minecraft.stone_slab2":2,"stat.entityKilledBy.Enderman":1,"stat.craftItem.minecraft.stick":8,"stat.craftItem.minecraft.wooden_axe":1,"stat.craftingTableInteraction":5,"stat.pickup.minecraft.sand":1,"stat.mineBlock.minecraft.iron_bars":2,"stat.entityKilledBy.Spider":1,"stat.craftItem.minecraft.planks":48,"stat.mineBlock.minecraft.leaves2":3,"stat.entityKilledBy.grimoireofgaia.ant":1,"stat.mineBlock.minecraft.log2":6,"stat.damageTaken":1965,"stat.mineBlock.minecraft.crafting_table":1,"stat.craftItem.minecraft.stone_pickaxe":1,"stat.useItem.minecraft.wooden_pickaxe":16,"stat.mobKills":2,"stat.pickup.minecraft.cobblestone":15,"stat.mineBlock.minecraft.log":6,"stat.pickup.minecraft.log2":16,"stat.flyOneCm":155187,"stat.deaths":7,"stat.drop":10,"stat.playOneMinute":22138,"stat.useItem.minecraft.stone_pickaxe":12,"stat.pickup.minecraft.cactus":2,"stat.sneakTime":75,"stat.damageDealt":1012,"stat.killEntity.Zombie":1,"stat.timeSinceDeath":882,"stat.pickup.minecraft.iron_bars":1,"stat.useItem.minecraft.wooden_axe":30,"stat.craftItem.minecraft.wooden_pickaxe":2,"stat.mineBlock.minecraft.stone":16,"stat.mineBlock.minecraft.tallgrass":1}