{"stat.craftItem.saint_seiya_mod.trainingclothhelmet":1,"stat.leaveGame":1,"stat.craftItem.minecraft.cooked_porkchop":6,"stat.killEntity.grimoireofgaia.cyan_flower":1,"stat.useItem.minecraft.porkchop":5,"stat.jump":911,"stat.swimOneCm":11751,"stat.mineBlock.lepidodendron.scoria":8,"stat.pickup.minecraft.coal":6,"stat.fallOneCm":22247,"stat.craftItem.saint_seiya_mod.trainingclothbody":1,"stat.pickup.minecraft.porkchop":11,"stat.crouchOneCm":1370,"stat.craftItem.minecraft.torch":8,"stat.pickup.minecraft.dirt":27,"stat.useItem.minecraft.dirt":7,"stat.useItem.minecraft.stone_slab2":7,"stat.craftingTableInteraction":14,"stat.craftItem.minecraft.furnace":1,"stat.craftItem.minecraft.stone_axe":1,"stat.mineBlock.minecraft.leaves2":5,"stat.mineBlock.minecraft.log2":13,"stat.damageTaken":710,"stat.pickup.minecraft.feather":7,"stat.craftItem.minecraft.stone_pickaxe":1,"stat.useItem.minecraft.wooden_pickaxe":59,"stat.pickup.minecraft.cobblestone":79,"stat.pickup.minecraft.log2":26,"stat.mineBlock.saint_seiya_mod.pimacottonplant":26,"stat.flyOneCm":153601,"stat.killEntity.mocreatures:turkey":4,"stat.useItem.minecraft.stone_pickaxe":37,"stat.damageDealt":718,"stat.pickup.patchouli.guide_book":2,"stat.sleepInBed":4,"stat.timeSinceDeath":72959,"stat.mineBlock.minecraft.dirt":25,"stat.craftItem.minecraft.wooden_pickaxe":1,"stat.killEntity.Pig":3,"stat.walkOneCm":267477,"stat.useItem.minecraft.torch":1,"stat.useItem.mocreatures.turkeyraw":4,"stat.craftItem.minecraft.crafting_table":2,"stat.furnaceInteraction":3,"stat.drop.minecraft.dirt":1,"stat.useItem.minecraft.cooked_porkchop":1,"stat.mineBlock.minecraft.coal_ore":6,"stat.entityKilledBy.grimoireofgaia.harpy":1,"stat.pickup.minecraft.log":23,"stat.pickup.lepidodendron.bivalve_raw":1,"stat.entityKilledBy.grimoireofgaia.minotaurus":1,"stat.pickup.saint_seiya_mod.pimacotton":27,"stat.craftItem.minecraft.stone_slab2":0,"stat.mineBlock.lepidodendron.bivalve_green":1,"stat.craftItem.saint_seiya_mod.trainingclothlegs":1,"stat.sprintOneCm":62550,"stat.pickup.mocreatures.turkeyraw":4,"stat.craftItem.minecraft.stick":28,"stat.craftItem.minecraft.wooden_axe":1,"stat.craftItem.minecraft.planks":92,"stat.mobKills":10,"stat.mineBlock.minecraft.log":23,"stat.deaths":2,"stat.drop":1,"stat.mineBlock.minecraft.leaves":1,"stat.playOneMinute":80817,"stat.sneakTime":453,"stat.useItem.lepidodendron.bivalve_raw":1,"stat.useItem.minecraft.wooden_axe":16,"stat.pickup.lepidodendron.scoria":8,"stat.mineBlock.minecraft.stone":79,"stat.mineBlock.minecraft.tallgrass":2,"stat.diveOneCm":8896}