{"stat.craftItem.saint_seiya_mod.trainingclothhelmet":1,"stat.leaveGame":1,"stat.killEntity.grimoireofgaia.cyan_flower":1,"stat.useItem.minecraft.porkchop":5,"stat.jump":785,"stat.swimOneCm":7439,"stat.mineBlock.lepidodendron.scoria":8,"stat.pickup.minecraft.coal":6,"stat.fallOneCm":19170,"stat.craftItem.saint_seiya_mod.trainingclothbody":1,"stat.pickup.minecraft.porkchop":5,"stat.crouchOneCm":1370,"stat.craftItem.minecraft.torch":8,"stat.pickup.minecraft.dirt":27,"stat.useItem.minecraft.dirt":7,"stat.useItem.minecraft.stone_slab2":6,"stat.craftingTableInteraction":11,"stat.mineBlock.minecraft.leaves2":5,"stat.mineBlock.minecraft.log2":13,"stat.damageTaken":698,"stat.pickup.minecraft.feather":7,"stat.craftItem.minecraft.stone_pickaxe":1,"stat.useItem.minecraft.wooden_pickaxe":59,"stat.pickup.minecraft.cobblestone":47,"stat.pickup.minecraft.log2":26,"stat.mineBlock.saint_seiya_mod.pimacottonplant":26,"stat.flyOneCm":135290,"stat.killEntity.mocreatures:turkey":4,"stat.useItem.minecraft.stone_pickaxe":4,"stat.damageDealt":637,"stat.pickup.patchouli.guide_book":2,"stat.sleepInBed":3,"stat.timeSinceDeath":61259,"stat.mineBlock.minecraft.dirt":25,"stat.craftItem.minecraft.wooden_pickaxe":1,"stat.killEntity.Pig":3,"stat.walkOneCm":240639,"stat.useItem.minecraft.torch":1,"stat.useItem.mocreatures.turkeyraw":4,"stat.craftItem.minecraft.crafting_table":2,"stat.drop.minecraft.dirt":1,"stat.mineBlock.minecraft.coal_ore":6,"stat.entityKilledBy.grimoireofgaia.harpy":1,"stat.pickup.minecraft.log":23,"stat.pickup.lepidodendron.bivalve_raw":1,"stat.entityKilledBy.grimoireofgaia.minotaurus":1,"stat.pickup.saint_seiya_mod.pimacotton":27,"stat.mineBlock.lepidodendron.bivalve_green":1,"stat.craftItem.saint_seiya_mod.trainingclothlegs":1,"stat.sprintOneCm":53118,"stat.pickup.mocreatures.turkeyraw":4,"stat.craftItem.minecraft.stick":8,"stat.craftItem.minecraft.wooden_axe":1,"stat.craftItem.minecraft.planks":24,"stat.mobKills":8,"stat.mineBlock.minecraft.log":23,"stat.deaths":2,"stat.drop":1,"stat.mineBlock.minecraft.leaves":1,"stat.playOneMinute":69117,"stat.sneakTime":433,"stat.useItem.minecraft.wooden_axe":14,"stat.pickup.lepidodendron.scoria":8,"stat.mineBlock.minecraft.stone":47,"stat.mineBlock.minecraft.tallgrass":2,"stat.diveOneCm":7973}