{"stat.craftItem.saint_seiya_mod.trainingclothhelmet":1,"stat.leaveGame":1,"stat.jump":553,"stat.swimOneCm":3539,"stat.mineBlock.lepidodendron.scoria":8,"stat.pickup.minecraft.coal":6,"stat.fallOneCm":14395,"stat.craftItem.saint_seiya_mod.trainingclothbody":1,"stat.crouchOneCm":533,"stat.craftItem.minecraft.torch":8,"stat.pickup.minecraft.dirt":12,"stat.useItem.minecraft.dirt":4,"stat.useItem.minecraft.stone_slab2":6,"stat.craftingTableInteraction":11,"stat.mineBlock.minecraft.leaves2":5,"stat.mineBlock.minecraft.log2":13,"stat.damageTaken":609,"stat.pickup.minecraft.feather":5,"stat.craftItem.minecraft.stone_pickaxe":1,"stat.useItem.minecraft.wooden_pickaxe":59,"stat.pickup.minecraft.cobblestone":47,"stat.pickup.minecraft.log2":26,"stat.mineBlock.saint_seiya_mod.pimacottonplant":26,"stat.flyOneCm":102656,"stat.killEntity.mocreatures:turkey":3,"stat.useItem.minecraft.stone_pickaxe":3,"stat.damageDealt":247,"stat.pickup.patchouli.guide_book":2,"stat.sleepInBed":3,"stat.timeSinceDeath":36959,"stat.mineBlock.minecraft.dirt":10,"stat.craftItem.minecraft.wooden_pickaxe":1,"stat.walkOneCm":98646,"stat.useItem.mocreatures.turkeyraw":3,"stat.craftItem.minecraft.crafting_table":2,"stat.mineBlock.minecraft.coal_ore":6,"stat.entityKilledBy.grimoireofgaia.harpy":1,"stat.pickup.minecraft.log":23,"stat.entityKilledBy.grimoireofgaia.minotaurus":1,"stat.pickup.saint_seiya_mod.pimacotton":27,"stat.craftItem.saint_seiya_mod.trainingclothlegs":1,"stat.sprintOneCm":32369,"stat.pickup.mocreatures.turkeyraw":3,"stat.craftItem.minecraft.stick":8,"stat.craftItem.minecraft.wooden_axe":1,"stat.craftItem.minecraft.planks":24,"stat.mobKills":3,"stat.mineBlock.minecraft.log":23,"stat.deaths":2,"stat.mineBlock.minecraft.leaves":1,"stat.playOneMinute":44817,"stat.sneakTime":165,"stat.useItem.minecraft.wooden_axe":9,"stat.pickup.lepidodendron.scoria":8,"stat.mineBlock.minecraft.stone":47,"stat.mineBlock.minecraft.tallgrass":2,"stat.diveOneCm":2622}