{"stat.pickup.minecraft.bone":9,"stat.leaveGame":3,"stat.pickup.minecraft.stone_pickaxe":5,"stat.killEntity.grimoireofgaia.ant":1,"stat.pickup.millenaire.negationwand":1,"stat.swimOneCm":8950,"stat.craftItem.minecraft.shield":1,"stat.drop.minecraft.cobblestone":5,"stat.entityKilledBy.mutantbeasts.mutant_zombie":1,"stat.useItem.minecraft.stone_slab2":10,"stat.pickup.minecraft.rotten_flesh":11,"stat.pickup.minecraft.sand":76,"stat.craftItem.minecraft.furnace":2,"stat.entityKilledBy.Spider":1,"stat.craftItem.minecraft.stone_axe":1,"stat.craftItem.minecraft.stone_pickaxe":2,"stat.pickup.minecraft.cobblestone":178,"stat.craftItem.minecraft.stone_sword":1,"stat.flyOneCm":361751,"stat.killEntity.mocreatures:turkey":2,"stat.pickup.minecraft.glass_bottle":1,"stat.useItem.mocreatures.crabraw":1,"stat.mineBlock.minecraft.sand":14,"stat.pickup.minecraft.cactus":2,"stat.mineBlock.minecraft.iron_ore":32,"stat.timeSinceDeath":16404,"stat.useItem.minecraft.iron_pickaxe":45,"stat.craftItem.minecraft.wooden_pickaxe":3,"stat.pickup.sexmod.allies_lamp":1,"stat.furnaceInteraction":12,"stat.killEntity.mocreatures:crab":1,"stat.mineBlock.minecraft.coal_ore":46,"stat.entityKilledBy.mocreatures:biggolem":1,"stat.entityKilledBy.Skeleton":1,"stat.craftItem.minecraft.stone_slab2":0,"stat.sprintOneCm":187680,"stat.craftItem.minecraft.stick":36,"stat.craftItem.minecraft.wooden_axe":1,"stat.entityKilledBy.grimoireofgaia.orc":1,"stat.mineBlock.minecraft.crafting_table":2,"stat.pickup.minecraft.emerald":2,"stat.deaths":13,"stat.drop":17,"stat.playOneMinute":103423,"stat.pickup.mocreatures.crabraw":1,"stat.craftItem.minecraft.iron_pickaxe":1,"stat.killEntity.Zombie":3,"stat.pickup.minecraft.iron_bars":1,"stat.pickup.mocreatures.hide":4,"stat.mineBlock.minecraft.tallgrass":5,"stat.diveOneCm":3077,"stat.chestOpened":28,"stat.killEntity.grimoireofgaia.orc":2,"stat.drop.minecraft.wooden_pickaxe":1,"stat.pickup.minecraft.arrow":16,"stat.pickup.minecraft.stone_axe":1,"stat.useItem.minecraft.rotten_flesh":11,"stat.jump":1932,"stat.useItem.minecraft.sand":1,"stat.pickup.minecraft.coal":86,"stat.pickup.mocreatures.bigcatclaw":2,"stat.fallOneCm":43115,"stat.useItem.minecraft.stone_axe":30,"stat.crouchOneCm":6408,"stat.craftItem.minecraft.torch":32,"stat.craftItem.minecraft.iron_ingot":7,"stat.pickup.minecraft.dirt":16,"stat.craftingTableInteraction":15,"stat.pickup.minecraft.iron_ore":35,"stat.mineBlock.minecraft.iron_bars":2,"stat.killEntity.mocreatures:lion":1,"stat.mineBlock.minecraft.leaves2":6,"stat.mineBlock.minecraft.log2":16,"stat.pickup.minecraft.wooden_pickaxe":5,"stat.damageTaken":4115,"stat.pickup.minecraft.feather":4,"stat.useItem.minecraft.wooden_pickaxe":41,"stat.pickup.minecraft.ender_eye":1,"stat.pickup.minecraft.log2":25,"stat.pickup.minecraft.planks":173,"stat.useItem.minecraft.stone_pickaxe":137,"stat.useItem.minecraft.stone_sword":37,"stat.damageDealt":3184,"stat.sleepInBed":2,"stat.mineBlock.minecraft.dirt":6,"stat.drop.minecraft.stick":3,"stat.pickup.grimoireofgaia.food_meat":1,"stat.walkOneCm":380118,"stat.useItem.minecraft.torch":18,"stat.useItem.mocreatures.turkeycooked":1,"stat.pickup.minecraft.stick":12,"stat.pickup.minecraft.iron_nugget":9,"stat.useItem.mocreatures.turkeyraw":2,"stat.pickup.minecraft.crafting_table":3,"stat.useItem.minecraft.cobblestone":2,"stat.craftItem.minecraft.crafting_table":4,"stat.craftItem.mocreatures.turkeycooked":1,"stat.useItem.minecraft.lava_bucket":2,"stat.useItem.grimoireofgaia.food_meat":1,"stat.pickup.minecraft.log":14,"stat.entityKilledBy.grimoireofgaia.anubis":1,"stat.drop.minecraft.planks":8,"stat.pickup.minecraft.stone":45,"stat.pickup.minecraft.sapling":5,"stat.pickup.minecraft.ender_pearl":1,"stat.entityKilledBy.Enderman":1,"stat.pickup.mocreatures.turkeyraw":2,"stat.pickup.minecraft.gold_ingot":2,"stat.craftItem.minecraft.bucket":1,"stat.craftItem.minecraft.planks":116,"stat.entityKilledBy.grimoireofgaia.ant":1,"stat.pickup.minecraft.stone_sword":5,"stat.mobKills":12,"stat.mineBlock.minecraft.log":14,"stat.pickup.minecraft.diamond":1,"stat.mineBlock.minecraft.leaves":7,"stat.pickup.minecraft.torch":52,"stat.sneakTime":2646,"stat.useItem.minecraft.wooden_axe":30,"stat.mineBlock.minecraft.stone":129}