{"stat.walkOneCm":45759,"stat.craftItem.minecraft.planks":24,"stat.mineBlock.minecraft.leaves2":5,"stat.mineBlock.minecraft.log2":13,"stat.damageTaken":520,"stat.craftItem.minecraft.crafting_table":1,"stat.pickup.minecraft.log2":26,"stat.mineBlock.minecraft.log":6,"stat.entityKilledBy.grimoireofgaia.harpy":1,"stat.mineBlock.saint_seiya_mod.pimacottonplant":26,"stat.pickup.minecraft.log":6,"stat.flyOneCm":25829,"stat.deaths":2,"stat.jump":153,"stat.playOneMinute":14833,"stat.fallOneCm":4271,"stat.sneakTime":138,"stat.entityKilledBy.grimoireofgaia.minotaurus":1,"stat.pickup.saint_seiya_mod.pimacotton":27,"stat.damageDealt":7,"stat.craftItem.saint_seiya_mod.trainingclothbody":1,"stat.pickup.patchouli.guide_book":2,"stat.crouchOneCm":469,"stat.timeSinceDeath":6975,"stat.pickup.minecraft.dirt":5,"stat.useItem.minecraft.dirt":1,"stat.sprintOneCm":7011,"stat.mineBlock.minecraft.dirt":3,"stat.useItem.minecraft.stone_slab2":1,"stat.mineBlock.minecraft.tallgrass":2,"stat.craftingTableInteraction":2}