{"stat.walkOneCm":146326,"stat.pickup.minecraft.bone":3,"stat.pickup.minecraft.iron_nugget":3,"stat.drop.minecraft.wooden_pickaxe":1,"stat.pickup.minecraft.arrow":4,"stat.pickup.minecraft.crafting_table":2,"stat.craftItem.minecraft.crafting_table":2,"stat.killEntity.grimoireofgaia.ant":1,"stat.pickup.minecraft.log":10,"stat.useItem.minecraft.rotten_flesh":1,"stat.entityKilledBy.mocreatures:biggolem":1,"stat.entityKilledBy.grimoireofgaia.anubis":1,"stat.jump":989,"stat.swimOneCm":2991,"stat.fallOneCm":22610,"stat.drop.minecraft.cobblestone":1,"stat.entityKilledBy.Skeleton":1,"stat.drop.minecraft.planks":8,"stat.crouchOneCm":347,"stat.pickup.minecraft.sapling":3,"stat.pickup.minecraft.ender_pearl":1,"stat.entityKilledBy.mutantbeasts.mutant_zombie":1,"stat.sprintOneCm":115401,"stat.useItem.minecraft.stone_slab2":2,"stat.entityKilledBy.Enderman":1,"stat.craftItem.minecraft.stick":12,"stat.craftItem.minecraft.wooden_axe":1,"stat.craftingTableInteraction":5,"stat.pickup.minecraft.rotten_flesh":7,"stat.pickup.minecraft.sand":11,"stat.mineBlock.minecraft.iron_bars":2,"stat.entityKilledBy.Spider":1,"stat.craftItem.minecraft.planks":92,"stat.mineBlock.minecraft.leaves2":6,"stat.entityKilledBy.grimoireofgaia.ant":1,"stat.mineBlock.minecraft.log2":14,"stat.damageTaken":2345,"stat.mineBlock.minecraft.crafting_table":1,"stat.craftItem.minecraft.stone_pickaxe":1,"stat.useItem.minecraft.wooden_pickaxe":16,"stat.mobKills":2,"stat.pickup.minecraft.cobblestone":15,"stat.pickup.minecraft.ender_eye":1,"stat.mineBlock.minecraft.log":10,"stat.pickup.minecraft.log2":23,"stat.flyOneCm":226768,"stat.deaths":9,"stat.pickup.minecraft.glass_bottle":1,"stat.drop":10,"stat.mineBlock.minecraft.leaves":1,"stat.playOneMinute":34738,"stat.useItem.minecraft.stone_pickaxe":12,"stat.pickup.minecraft.cactus":2,"stat.sneakTime":76,"stat.damageDealt":1012,"stat.killEntity.Zombie":1,"stat.timeSinceDeath":11149,"stat.pickup.minecraft.iron_bars":1,"stat.useItem.minecraft.wooden_axe":30,"stat.pickup.mocreatures.hide":1,"stat.craftItem.minecraft.wooden_pickaxe":2,"stat.mineBlock.minecraft.stone":16,"stat.mineBlock.minecraft.tallgrass":2}