{"stat.chestOpened":13,"stat.pickup.saint_seiya_mod.trainingclothhelmet":1,"stat.useItem.minecraft.end_bricks":2,"stat.pickup.millenaire.bed_straw":2,"stat.mineBlock.lepidodendron.porphyry":6,"stat.craftItem.saint_seiya_mod.trainingclothhelmet":2,"stat.leaveGame":2,"stat.pickup.lepidodendron.porphyry":6,"stat.craftItem.minecraft.cooked_porkchop":6,"stat.entityKilledBy.grimoireofgaia.sporeling":3,"stat.pickup.minecraft.stone_pickaxe":1,"stat.killEntity.grimoireofgaia.cyan_flower":1,"stat.pickup.minecraft.stone_axe":1,"stat.mineBlock.saint_seiya_mod.northatlanticpillar":1,"stat.useItem.minecraft.porkchop":5,"stat.pickup.minecraft.gold_nugget":1,"stat.useItem.minecraft.diamond_sword":3,"stat.pickup.minecraft.diamond_sword":3,"stat.jump":1973,"stat.swimOneCm":21975,"stat.mineBlock.lepidodendron.scoria":8,"stat.pickup.minecraft.coal":34,"stat.fallOneCm":44068,"stat.pickup.minecraft.iron_ingot":4,"stat.mineBlock.saint_seiya_mod.mainpillar":1,"stat.useItem.minecraft.stone_axe":75,"stat.pickup.saint_seiya_mod.articpillarcrystal":1,"stat.craftItem.saint_seiya_mod.trainingclothbody":2,"stat.pickup.minecraft.porkchop":11,"stat.drop.millenaire.bed_straw":1,"stat.crouchOneCm":21308,"stat.pickup.saint_seiya_mod.antarticpillarcrystal":1,"stat.craftItem.minecraft.torch":8,"stat.craftItem.minecraft.iron_ingot":7,"stat.craftItem.minecraft.chest":2,"stat.pickup.minecraft.dirt":32,"stat.useItem.minecraft.dirt":10,"stat.useItem.minecraft.stone_slab2":22,"stat.craftingTableInteraction":25,"stat.pickup.minecraft.iron_ore":7,"stat.pickup.minecraft.rotten_flesh":11,"stat.pickup.minecraft.sand":10,"stat.craftItem.minecraft.furnace":2,"stat.pickup.saint_seiya_mod.northatlanticpillarcrystal":1,"stat.boatOneCm":120958,"stat.useItem.minecraft.sapling":2,"stat.mineBlock.saint_seiya_mod.northpacificpillar":1,"stat.craftItem.minecraft.stone_axe":1,"stat.mineBlock.minecraft.leaves2":5,"stat.mineBlock.minecraft.log2":13,"stat.damageTaken":3642,"stat.pickup.minecraft.feather":7,"stat.craftItem.minecraft.stone_pickaxe":2,"stat.useItem.minecraft.wooden_pickaxe":59,"stat.pickup.minecraft.cobblestone":217,"stat.pickup.minecraft.log2":26,"stat.pickup.minecraft.planks":1,"stat.mineBlock.saint_seiya_mod.pimacottonplant":36,"stat.flyOneCm":483443,"stat.killEntity.mocreatures:turkey":4,"stat.pickup.saint_seiya_mod.southpacificpillarcrystal":1,"stat.useItem.mocreatures.crabraw":1,"stat.pickup.minecraft.wheat_seeds":23,"stat.pickup.saint_seiya_mod.trainingclothbody":1,"stat.pickup.minecraft.fish":2,"stat.craftItem.saint_seiya_mod.poseidonkey":1,"stat.mineBlock.saint_seiya_mod.antarticpillar":1,"stat.useItem.minecraft.stone_pickaxe":146,"stat.useItem.minecraft.cooked_beef":2,"stat.mineBlock.saint_seiya_mod.southatlanticpillar":1,"stat.damageDealt":2554,"stat.pickup.patchouli.guide_book":2,"stat.pickup.minecraft.redstone":6,"stat.mineBlock.minecraft.iron_ore":7,"stat.sleepInBed":13,"stat.timeSinceDeath":4397,"stat.pickup.minecraft.end_bricks":4,"stat.mineBlock.minecraft.dirt":30,"stat.useItem.minecraft.iron_pickaxe":82,"stat.craftItem.minecraft.wooden_pickaxe":1,"stat.killEntity.Pig":3,"stat.pickup.minecraft.mutton":1,"stat.pickup.minecraft.boat":1,"stat.pickup.saint_seiya_mod.indicopillarcrystal":1,"stat.walkOneCm":664803,"stat.useItem.minecraft.torch":4,"stat.useItem.minecraft.chest":1,"stat.pickup.minecraft.stick":28,"stat.useItem.mocreatures.turkeyraw":4,"stat.mineBlock.saint_seiya_mod.articpillar":1,"stat.pickup.minecraft.crafting_table":1,"stat.pickup.minecraft.clay_ball":10,"stat.craftItem.minecraft.crafting_table":4,"stat.furnaceInteraction":23,"stat.killEntity.mocreatures:crab":1,"stat.drop.minecraft.dirt":1,"stat.useItem.minecraft.cooked_porkchop":6,"stat.mineBlock.minecraft.coal_ore":30,"stat.craftItem.minecraft.boat":1,"stat.pickup.millenaire.denierargent":22,"stat.entityKilledBy.grimoireofgaia.harpy":1,"stat.pickup.saint_seiya_mod.northpacificpillarcrystal":1,"stat.pickup.minecraft.log":68,"stat.pickup.minecraft.prismarine":11,"stat.killEntity.mocreatures:shark":2,"stat.pickup.minecraft.iron_pickaxe":3,"stat.pickup.lepidodendron.bivalve_raw":1,"stat.entityKilledBy.grimoireofgaia.minotaurus":1,"stat.pickup.saint_seiya_mod.pimacotton":37,"stat.craftItem.minecraft.stone_slab2":0,"stat.mineBlock.lepidodendron.bivalve_green":1,"stat.craftItem.saint_seiya_mod.trainingclothlegs":3,"stat.pickup.minecraft.stone":3,"stat.mineBlock.minecraft.end_bricks":4,"stat.pickup.minecraft.sapling":3405,"stat.sprintOneCm":192586,"stat.pickup.minecraft.wooden_door":1,"stat.pickup.mocreatures.turkeyraw":4,"stat.pickup.minecraft.cooked_beef":116,"stat.craftItem.minecraft.stick":28,"stat.craftItem.minecraft.wooden_axe":1,"stat.drop.minecraft.fish":2,"stat.mineBlock.millenaire.bed_straw":1,"stat.killEntity.grimoireofgaia.matango":1,"stat.craftItem.minecraft.planks":92,"stat.craftItem.minecraft.stone":18,"stat.mineBlock.minecraft.crafting_table":1,"stat.mineBlock.minecraft.prismarine":11,"stat.mobKills":16,"stat.mineBlock.minecraft.log":63,"stat.useItem.minecraft.boat":2,"stat.deaths":12,"stat.mineBlock.minecraft.planks":1,"stat.drop":5,"stat.mineBlock.saint_seiya_mod.southpacificpillar":1,"stat.mineBlock.minecraft.leaves":17,"stat.pickup.minecraft.egg":1,"stat.mineBlock.saint_seiya_mod.indicopillar":1,"stat.playOneMinute":201969,"stat.killEntity.grimoireofgaia.naga":1,"stat.pickup.mocreatures.crabraw":1,"stat.pickup.minecraft.torch":6,"stat.pickup.saint_seiya_mod.trainingclothlegs":1,"stat.killEntity.Sheep":1,"stat.sneakTime":8306,"stat.craftItem.minecraft.iron_pickaxe":1,"stat.pickup.minecraft.wool":4,"stat.useItem.lepidodendron.bivalve_raw":1,"stat.pickup.saint_seiya_mod.southatlanticpillarcrystal":1,"stat.useItem.minecraft.wooden_axe":17,"stat.pickup.lepidodendron.scoria":8,"stat.mineBlock.minecraft.stone":211,"stat.mineBlock.minecraft.tallgrass":3,"stat.craftItem.minecraft.cooked_mutton":1,"stat.pickup.saint_seiya_mod.mainpillarcrystal":1,"stat.diveOneCm":41933,"stat.drop.minecraft.wooden_axe":1,"stat.entityKilledBy.grimoireofgaia.toad":7,"stat.pickup.minecraft.wheat":54}