{"stat.useItem.minecraft.end_bricks":2,"stat.mineBlock.lepidodendron.porphyry":6,"stat.pickup.minecraft.bone":2,"stat.craftItem.saint_seiya_mod.trainingclothhelmet":3,"stat.useItem.minecraft.iron_axe":28,"stat.leaveGame":3,"stat.entityKilledBy.grimoireofgaia.sporeling":3,"stat.pickup.minecraft.stone_pickaxe":1,"stat.craftItem.minecraft.iron_axe":1,"stat.mineBlock.saint_seiya_mod.northatlanticpillar":1,"stat.useItem.minecraft.diamond_sword":14,"stat.swimOneCm":36381,"stat.mineBlock.lepidodendron.scoria":8,"stat.mineBlock.lepidodendron.anthracite_ore":1,"stat.useItem.minecraft.planks":7,"stat.climbOneCm":1309,"stat.mineBlock.saint_seiya_mod.mainpillar":1,"stat.pickup.saint_seiya_mod.articpillarcrystal":1,"stat.craftItem.saint_seiya_mod.trainingclothbody":3,"stat.pickup.minecraft.porkchop":11,"stat.drop.millenaire.bed_straw":1,"stat.useItem.minecraft.dirt":10,"stat.useItem.minecraft.stone_slab2":29,"stat.pickup.minecraft.bow":3,"stat.pickup.minecraft.rotten_flesh":11,"stat.pickup.minecraft.sand":10,"stat.craftItem.minecraft.furnace":2,"stat.pickup.saint_seiya_mod.northatlanticpillarcrystal":1,"stat.pickup.lepidodendron.small_angiosperm_seeds":3,"stat.craftItem.minecraft.stone_axe":1,"stat.craftItem.minecraft.stone_pickaxe":2,"stat.craftItem.minecraft.cooked_beef":14,"stat.mineBlock.millenaire.earth_deco":108,"stat.pickup.minecraft.cobblestone":224,"stat.mineBlock.saint_seiya_mod.pimacottonplant":51,"stat.flyOneCm":606262,"stat.killEntity.mocreatures:turkey":4,"stat.useItem.mocreatures.crabraw":1,"stat.craftItem.minecraft.iron_shovel":1,"stat.pickup.minecraft.brown_mushroom":1,"stat.pickup.minecraft.fish":2,"stat.craftItem.saint_seiya_mod.poseidonkey":1,"stat.killEntity.Witch":1,"stat.useItem.minecraft.cooked_beef":8,"stat.pickup.patchouli.guide_book":2,"stat.pickup.minecraft.redstone":6,"stat.mineBlock.minecraft.iron_ore":7,"stat.timeSinceDeath":76298,"stat.useItem.minecraft.iron_pickaxe":89,"stat.craftItem.minecraft.wooden_pickaxe":1,"stat.pickup.minecraft.mutton":1,"stat.useItem.minecraft.iron_shovel":109,"stat.killEntity.mocreatures:bass":1,"stat.furnaceInteraction":34,"stat.killEntity.mocreatures:crab":1,"stat.drop.minecraft.dirt":1,"stat.useItem.minecraft.cooked_porkchop":6,"stat.mineBlock.minecraft.coal_ore":44,"stat.talkedToVillager":3,"stat.entityKilledBy.grimoireofgaia.harpy":1,"stat.pickup.minecraft.prismarine":11,"stat.killEntity.mocreatures:shark":2,"stat.pickup.minecraft.beef":14,"stat.useItem.minecraft.cooked_mutton":1,"stat.pickup.saint_seiya_mod.pimacotton":52,"stat.craftItem.minecraft.stone_slab2":0,"stat.mineBlock.minecraft.end_bricks":4,"stat.sprintOneCm":277429,"stat.craftItem.minecraft.stick":32,"stat.craftItem.minecraft.wooden_axe":1,"stat.mineBlock.millenaire.bed_straw":1,"stat.killEntity.grimoireofgaia.matango":3,"stat.craftItem.minecraft.stone":18,"stat.mineBlock.minecraft.crafting_table":1,"stat.pickup.minecraft.sugar":2,"stat.deaths":12,"stat.mineBlock.minecraft.planks":7,"stat.drop":8,"stat.pickup.minecraft.egg":1,"stat.mineBlock.saint_seiya_mod.indicopillar":1,"stat.playOneMinute":273870,"stat.pickup.mocreatures.crabraw":1,"stat.pickup.saint_seiya_mod.trainingclothlegs":1,"stat.killEntity.Sheep":1,"stat.craftItem.minecraft.iron_pickaxe":2,"stat.pickup.minecraft.slime_ball":1,"stat.useItem.lepidodendron.bivalve_raw":1,"stat.pickup.saint_seiya_mod.southatlanticpillarcrystal":1,"stat.mineBlock.minecraft.tallgrass":4,"stat.craftItem.minecraft.cooked_mutton":2,"stat.diveOneCm":52420,"stat.entityKilledBy.grimoireofgaia.toad":7,"stat.pickup.minecraft.wheat":54,"stat.chestOpened":32,"stat.pickup.saint_seiya_mod.trainingclothhelmet":1,"stat.pickup.millenaire.bed_straw":2,"stat.pickup.lepidodendron.porphyry":6,"stat.pickup.minecraft.arrow":128,"stat.craftItem.minecraft.cooked_porkchop":6,"stat.killEntity.grimoireofgaia.cyan_flower":1,"stat.pickup.minecraft.stone_axe":1,"stat.useItem.minecraft.porkchop":5,"stat.pickup.minecraft.gold_nugget":3,"stat.useItem.minecraft.rotten_flesh":1,"stat.pickup.minecraft.diamond_sword":3,"stat.jump":2747,"stat.pickup.minecraft.coal":48,"stat.fallOneCm":58173,"stat.pickup.minecraft.iron_ingot":4,"stat.useItem.minecraft.stone_axe":107,"stat.crouchOneCm":24081,"stat.pickup.saint_seiya_mod.antarticpillarcrystal":1,"stat.craftItem.minecraft.torch":8,"stat.craftItem.minecraft.iron_ingot":7,"stat.craftItem.minecraft.chest":2,"stat.pickup.minecraft.dirt":34,"stat.pickup.minecraft.red_mushroom":1,"stat.craftingTableInteraction":32,"stat.pickup.minecraft.iron_ore":7,"stat.boatOneCm":120958,"stat.useItem.minecraft.sapling":4,"stat.mineBlock.saint_seiya_mod.northpacificpillar":1,"stat.mineBlock.minecraft.leaves2":5,"stat.mineBlock.minecraft.log2":13,"stat.damageTaken":4052,"stat.pickup.minecraft.feather":7,"stat.pickup.minecraft.leather":7,"stat.mineBlock.minecraft.torch":1,"stat.useItem.minecraft.wooden_pickaxe":59,"stat.pickup.minecraft.log2":26,"stat.pickup.minecraft.planks":6,"stat.pickup.saint_seiya_mod.southpacificpillarcrystal":1,"stat.pickup.minecraft.wheat_seeds":23,"stat.pickup.saint_seiya_mod.trainingclothbody":1,"stat.mineBlock.saint_seiya_mod.antarticpillar":1,"stat.useItem.minecraft.stone_pickaxe":161,"stat.pickup.millenaire.earth_deco":101,"stat.mineBlock.saint_seiya_mod.southatlanticpillar":1,"stat.damageDealt":6791,"stat.sleepInBed":20,"stat.pickup.minecraft.end_bricks":4,"stat.killEntity.Cow":8,"stat.mineBlock.minecraft.dirt":33,"stat.killEntity.Pig":3,"stat.pickup.minecraft.boat":1,"stat.craftItem.minecraft.stone_shovel":1,"stat.pickup.saint_seiya_mod.indicopillarcrystal":1,"stat.walkOneCm":951980,"stat.useItem.minecraft.torch":5,"stat.useItem.minecraft.chest":1,"stat.pickup.minecraft.stick":28,"stat.pickup.minecraft.iron_nugget":4,"stat.useItem.mocreatures.turkeyraw":4,"stat.mineBlock.saint_seiya_mod.articpillar":1,"stat.pickup.minecraft.crafting_table":1,"stat.useItem.minecraft.log":2,"stat.killEntity.grimoireofgaia.werecat":1,"stat.pickup.minecraft.clay_ball":10,"stat.craftItem.minecraft.crafting_table":4,"stat.craftItem.minecraft.boat":1,"stat.pickup.millenaire.denierargent":22,"stat.pickup.saint_seiya_mod.northpacificpillarcrystal":1,"stat.pickup.minecraft.log":92,"stat.pickup.minecraft.iron_pickaxe":3,"stat.pickup.lepidodendron.bivalve_raw":1,"stat.entityKilledBy.grimoireofgaia.minotaurus":1,"stat.pickup.lepidodendron.anthracite":1,"stat.mineBlock.lepidodendron.bivalve_green":1,"stat.craftItem.saint_seiya_mod.trainingclothlegs":3,"stat.pickup.minecraft.stone":3,"stat.drop.minecraft.gold_nugget":2,"stat.pickup.minecraft.sapling":3407,"stat.pickup.minecraft.wooden_door":1,"stat.pickup.mocreatures.turkeyraw":4,"stat.pickup.minecraft.cooked_beef":130,"stat.drop.minecraft.bow":1,"stat.drop.minecraft.fish":2,"stat.craftItem.minecraft.planks":100,"stat.mineBlock.minecraft.prismarine":11,"stat.mobKills":33,"stat.mineBlock.minecraft.log":88,"stat.useItem.minecraft.boat":2,"stat.mineBlock.saint_seiya_mod.southpacificpillar":1,"stat.mineBlock.minecraft.leaves":19,"stat.killEntity.grimoireofgaia.naga":1,"stat.pickup.minecraft.torch":10,"stat.sneakTime":9567,"stat.pickup.minecraft.wool":4,"stat.useItem.minecraft.wooden_axe":17,"stat.pickup.lepidodendron.scoria":8,"stat.killEntity.grimoireofgaia.toad":1,"stat.mineBlock.minecraft.stone":218,"stat.pickup.saint_seiya_mod.mainpillarcrystal":1,"stat.drop.minecraft.wooden_axe":1}