{"stat.pickup.minecraft.bone":9,"stat.useItem.minecraft.iron_axe":4,"stat.leaveGame":3,"stat.pickup.minecraft.stone_pickaxe":5,"stat.killEntity.grimoireofgaia.ant":2,"stat.pickup.millenaire.denier":27,"stat.craftItem.minecraft.iron_axe":1,"stat.pickup.millenaire.negationwand":1,"stat.swimOneCm":12459,"stat.craftItem.minecraft.shield":1,"stat.drop.minecraft.cobblestone":5,"stat.entityKilledBy.mutantbeasts.mutant_zombie":1,"stat.useItem.minecraft.stone_slab2":12,"stat.pickup.minecraft.iron_boots":1,"stat.pickup.minecraft.rotten_flesh":11,"stat.pickup.minecraft.sand":76,"stat.craftItem.minecraft.furnace":2,"stat.entityKilledBy.Spider":1,"stat.pickup.aether_legacy.iron_gloves":1,"stat.craftItem.minecraft.stone_axe":1,"stat.craftItem.minecraft.iron_boots":1,"stat.craftItem.minecraft.stone_pickaxe":2,"stat.pickup.minecraft.cobblestone":183,"stat.craftItem.minecraft.stone_sword":1,"stat.flyOneCm":445146,"stat.killEntity.mocreatures:turkey":2,"stat.pickup.minecraft.glass_bottle":1,"stat.useItem.mocreatures.crabraw":1,"stat.mineBlock.minecraft.sand":14,"stat.pickup.minecraft.cactus":2,"stat.pickup.minecraft.redstone":45,"stat.mineBlock.minecraft.iron_ore":50,"stat.timeSinceDeath":13744,"stat.useItem.minecraft.iron_pickaxe":45,"stat.craftItem.minecraft.wooden_pickaxe":3,"stat.pickup.sexmod.allies_lamp":1,"stat.furnaceInteraction":22,"stat.killEntity.mocreatures:crab":1,"stat.craftItem.aether_legacy.iron_gloves":1,"stat.useItem.minecraft.cooked_porkchop":4,"stat.mineBlock.minecraft.coal_ore":46,"stat.pickup.minecraft.shield":1,"stat.entityKilledBy.mocreatures:biggolem":1,"stat.entityKilledBy.Skeleton":1,"stat.craftItem.minecraft.stone_slab2":0,"stat.sprintOneCm":250237,"stat.pickup.minecraft.iron_chestplate":1,"stat.craftItem.minecraft.stick":36,"stat.craftItem.minecraft.wooden_axe":1,"stat.entityKilledBy.grimoireofgaia.orc":1,"stat.drop.aether_legacy.iron_gloves":1,"stat.mineBlock.minecraft.crafting_table":2,"stat.useItem.minecraft.diamond_pickaxe":45,"stat.pickup.minecraft.emerald":6,"stat.deaths":14,"stat.drop":18,"stat.playOneMinute":140323,"stat.pickup.mocreatures.crabraw":1,"stat.craftItem.minecraft.iron_pickaxe":1,"stat.craftItem.minecraft.diamond_pickaxe":1,"stat.killEntity.Zombie":3,"stat.pickup.minecraft.iron_bars":1,"stat.pickup.mocreatures.hide":4,"stat.mineBlock.minecraft.gold_ore":6,"stat.mineBlock.minecraft.tallgrass":5,"stat.diveOneCm":7411,"stat.chestOpened":63,"stat.killEntity.grimoireofgaia.orc":2,"stat.drop.minecraft.wooden_pickaxe":1,"stat.pickup.minecraft.arrow":16,"stat.pickup.minecraft.iron_sword":1,"stat.pickup.minecraft.stone_axe":1,"stat.useItem.minecraft.rotten_flesh":11,"stat.jump":2355,"stat.useItem.minecraft.sand":1,"stat.pickup.minecraft.coal":86,"stat.pickup.mocreatures.bigcatclaw":2,"stat.pickup.minecraft.iron_helmet":1,"stat.fallOneCm":49797,"stat.useItem.minecraft.stone_axe":30,"stat.crouchOneCm":8669,"stat.craftItem.minecraft.torch":32,"stat.craftItem.minecraft.iron_ingot":44,"stat.pickup.minecraft.dirt":17,"stat.craftItem.minecraft.iron_helmet":1,"stat.pickup.millenaire.stone_deco":7,"stat.craftingTableInteraction":20,"stat.pickup.minecraft.iron_ore":54,"stat.mineBlock.minecraft.iron_bars":2,"stat.pickup.minecraft.gold_ore":6,"stat.mineBlock.minecraft.lapis_ore":4,"stat.killEntity.mocreatures:lion":1,"stat.pickup.minecraft.iron_axe":1,"stat.mineBlock.minecraft.leaves2":6,"stat.mineBlock.minecraft.log2":16,"stat.pickup.minecraft.wooden_pickaxe":5,"stat.damageTaken":4778,"stat.pickup.minecraft.feather":4,"stat.useItem.minecraft.wooden_pickaxe":41,"stat.pickup.minecraft.ender_eye":1,"stat.pickup.minecraft.log2":25,"stat.pickup.minecraft.dye":26,"stat.pickup.minecraft.planks":173,"stat.pickup.minecraft.iron_leggings":1,"stat.pickup.minecraft.wheat_seeds":1,"stat.useItem.minecraft.stone_pickaxe":137,"stat.useItem.minecraft.stone_sword":37,"stat.craftItem.minecraft.iron_leggings":1,"stat.damageDealt":3808,"stat.sleepInBed":4,"stat.mineBlock.minecraft.dirt":7,"stat.craftItem.minecraft.iron_sword":1,"stat.drop.minecraft.stick":3,"stat.pickup.grimoireofgaia.food_meat":1,"stat.walkOneCm":496597,"stat.useItem.minecraft.torch":27,"stat.useItem.mocreatures.turkeycooked":1,"stat.pickup.minecraft.stick":12,"stat.pickup.minecraft.iron_nugget":12,"stat.pickup.minecraft.diamond_pickaxe":1,"stat.useItem.mocreatures.turkeyraw":2,"stat.pickup.minecraft.crafting_table":3,"stat.useItem.minecraft.cobblestone":32,"stat.craftItem.minecraft.crafting_table":4,"stat.craftItem.mocreatures.turkeycooked":1,"stat.useItem.minecraft.lava_bucket":2,"stat.pickup.grimoireofgaia.food_honey":1,"stat.pickup.millenaire.denierargent":9,"stat.useItem.grimoireofgaia.food_meat":1,"stat.pickup.minecraft.log":14,"stat.entityKilledBy.grimoireofgaia.anubis":1,"stat.pickup.minecraft.iron_pickaxe":1,"stat.drop.minecraft.planks":8,"stat.pickup.minecraft.stone":47,"stat.craftItem.minecraft.iron_chestplate":1,"stat.pickup.minecraft.sapling":5,"stat.pickup.minecraft.ender_pearl":1,"stat.entityKilledBy.Enderman":1,"stat.pickup.mocreatures.turkeyraw":2,"stat.pickup.minecraft.gold_ingot":4,"stat.craftItem.minecraft.bucket":1,"stat.craftItem.minecraft.planks":116,"stat.useItem.minecraft.iron_sword":14,"stat.entityKilledBy.grimoireofgaia.ant":2,"stat.pickup.minecraft.stone_sword":6,"stat.mobKills":14,"stat.mineBlock.minecraft.log":14,"stat.pickup.minecraft.diamond":4,"stat.mineBlock.minecraft.leaves":7,"stat.pickup.minecraft.torch":114,"stat.mineBlock.minecraft.redstone_ore":10,"stat.sneakTime":3595,"stat.useItem.minecraft.wooden_axe":30,"stat.mineBlock.minecraft.stone":136}