{"stat.pickup.grimoireofgaia.food_meat":1,"stat.walkOneCm":263482,"stat.pickup.minecraft.bone":9,"stat.useItem.minecraft.torch":16,"stat.killEntity.grimoireofgaia.orc":2,"stat.pickup.minecraft.stick":12,"stat.pickup.minecraft.iron_nugget":9,"stat.drop.minecraft.wooden_pickaxe":1,"stat.pickup.minecraft.arrow":8,"stat.pickup.minecraft.crafting_table":3,"stat.pickup.minecraft.stone_pickaxe":2,"stat.craftItem.minecraft.crafting_table":3,"stat.furnaceInteraction":1,"stat.pickup.minecraft.stone_axe":1,"stat.killEntity.grimoireofgaia.ant":1,"stat.mineBlock.minecraft.coal_ore":28,"stat.useItem.grimoireofgaia.food_meat":1,"stat.pickup.minecraft.log":14,"stat.useItem.minecraft.rotten_flesh":9,"stat.entityKilledBy.mocreatures:biggolem":1,"stat.entityKilledBy.grimoireofgaia.anubis":1,"stat.jump":1446,"stat.swimOneCm":6920,"stat.pickup.minecraft.coal":68,"stat.fallOneCm":31281,"stat.drop.minecraft.cobblestone":5,"stat.entityKilledBy.Skeleton":1,"stat.useItem.minecraft.stone_axe":30,"stat.drop.minecraft.planks":8,"stat.pickup.minecraft.stone":39,"stat.crouchOneCm":3308,"stat.craftItem.minecraft.torch":32,"stat.pickup.minecraft.sapling":5,"stat.pickup.minecraft.ender_pearl":1,"stat.entityKilledBy.mutantbeasts.mutant_zombie":1,"stat.pickup.minecraft.dirt":5,"stat.sprintOneCm":143680,"stat.useItem.minecraft.stone_slab2":6,"stat.entityKilledBy.Enderman":1,"stat.craftItem.minecraft.stick":32,"stat.craftItem.minecraft.wooden_axe":1,"stat.craftingTableInteraction":11,"stat.pickup.minecraft.rotten_flesh":11,"stat.entityKilledBy.grimoireofgaia.orc":1,"stat.pickup.minecraft.sand":31,"stat.craftItem.minecraft.furnace":1,"stat.mineBlock.minecraft.iron_bars":2,"stat.entityKilledBy.Spider":1,"stat.craftItem.minecraft.planks":116,"stat.craftItem.minecraft.stone_axe":1,"stat.mineBlock.minecraft.leaves2":6,"stat.entityKilledBy.grimoireofgaia.ant":1,"stat.mineBlock.minecraft.log2":16,"stat.pickup.minecraft.wooden_pickaxe":1,"stat.damageTaken":3091,"stat.mineBlock.minecraft.crafting_table":2,"stat.pickup.minecraft.stone_sword":2,"stat.craftItem.minecraft.stone_pickaxe":2,"stat.useItem.minecraft.wooden_pickaxe":27,"stat.mobKills":7,"stat.pickup.minecraft.cobblestone":39,"stat.pickup.minecraft.ender_eye":1,"stat.mineBlock.minecraft.log":14,"stat.pickup.minecraft.log2":25,"stat.pickup.minecraft.planks":66,"stat.craftItem.minecraft.stone_sword":1,"stat.flyOneCm":276948,"stat.deaths":11,"stat.pickup.minecraft.glass_bottle":1,"stat.drop":17,"stat.mineBlock.minecraft.leaves":7,"stat.playOneMinute":59038,"stat.pickup.minecraft.torch":19,"stat.useItem.minecraft.stone_pickaxe":64,"stat.pickup.minecraft.cactus":2,"stat.sneakTime":1093,"stat.useItem.minecraft.stone_sword":16,"stat.damageDealt":2344,"stat.killEntity.Zombie":3,"stat.timeSinceDeath":599,"stat.pickup.minecraft.iron_bars":1,"stat.useItem.minecraft.wooden_axe":30,"stat.pickup.mocreatures.hide":3,"stat.mineBlock.minecraft.dirt":4,"stat.craftItem.minecraft.wooden_pickaxe":3,"stat.mineBlock.minecraft.stone":48,"stat.mineBlock.minecraft.tallgrass":5,"stat.diveOneCm":2325,"stat.drop.minecraft.stick":3}