{"stat.chestOpened":3,"stat.mineBlock.lepidodendron.porphyry":6,"stat.craftItem.saint_seiya_mod.trainingclothhelmet":1,"stat.leaveGame":2,"stat.pickup.lepidodendron.porphyry":6,"stat.craftItem.minecraft.cooked_porkchop":6,"stat.killEntity.grimoireofgaia.cyan_flower":1,"stat.useItem.minecraft.porkchop":5,"stat.jump":1141,"stat.swimOneCm":14910,"stat.mineBlock.lepidodendron.scoria":8,"stat.pickup.minecraft.coal":29,"stat.fallOneCm":25916,"stat.useItem.minecraft.stone_axe":5,"stat.craftItem.saint_seiya_mod.trainingclothbody":1,"stat.pickup.minecraft.porkchop":11,"stat.crouchOneCm":17861,"stat.craftItem.minecraft.torch":8,"stat.craftItem.minecraft.iron_ingot":7,"stat.pickup.minecraft.dirt":28,"stat.useItem.minecraft.dirt":8,"stat.useItem.minecraft.stone_slab2":10,"stat.craftingTableInteraction":18,"stat.pickup.minecraft.iron_ore":7,"stat.craftItem.minecraft.furnace":1,"stat.boatOneCm":120958,"stat.craftItem.minecraft.stone_axe":1,"stat.mineBlock.minecraft.leaves2":5,"stat.mineBlock.minecraft.log2":13,"stat.damageTaken":719,"stat.pickup.minecraft.feather":7,"stat.craftItem.minecraft.stone_pickaxe":1,"stat.useItem.minecraft.wooden_pickaxe":59,"stat.pickup.minecraft.cobblestone":131,"stat.pickup.minecraft.log2":26,"stat.mineBlock.saint_seiya_mod.pimacottonplant":26,"stat.flyOneCm":184077,"stat.killEntity.mocreatures:turkey":4,"stat.pickup.minecraft.wheat_seeds":1,"stat.pickup.minecraft.fish":2,"stat.useItem.minecraft.stone_pickaxe":132,"stat.damageDealt":1098,"stat.pickup.patchouli.guide_book":2,"stat.mineBlock.minecraft.iron_ore":7,"stat.sleepInBed":6,"stat.timeSinceDeath":109511,"stat.pickup.minecraft.end_bricks":4,"stat.mineBlock.minecraft.dirt":26,"stat.craftItem.minecraft.wooden_pickaxe":1,"stat.killEntity.Pig":3,"stat.pickup.minecraft.mutton":1,"stat.pickup.minecraft.boat":1,"stat.walkOneCm":342998,"stat.useItem.minecraft.torch":2,"stat.useItem.mocreatures.turkeyraw":4,"stat.pickup.minecraft.crafting_table":1,"stat.craftItem.minecraft.crafting_table":2,"stat.furnaceInteraction":8,"stat.drop.minecraft.dirt":1,"stat.useItem.minecraft.cooked_porkchop":2,"stat.mineBlock.minecraft.coal_ore":29,"stat.craftItem.minecraft.boat":1,"stat.entityKilledBy.grimoireofgaia.harpy":1,"stat.pickup.minecraft.log":23,"stat.killEntity.mocreatures:shark":1,"stat.pickup.lepidodendron.bivalve_raw":1,"stat.entityKilledBy.grimoireofgaia.minotaurus":1,"stat.pickup.saint_seiya_mod.pimacotton":27,"stat.craftItem.minecraft.stone_slab2":0,"stat.mineBlock.lepidodendron.bivalve_green":1,"stat.craftItem.saint_seiya_mod.trainingclothlegs":1,"stat.pickup.minecraft.stone":3,"stat.mineBlock.minecraft.end_bricks":4,"stat.sprintOneCm":74857,"stat.pickup.minecraft.wooden_door":1,"stat.pickup.mocreatures.turkeyraw":4,"stat.craftItem.minecraft.stick":28,"stat.craftItem.minecraft.wooden_axe":1,"stat.drop.minecraft.fish":2,"stat.craftItem.minecraft.planks":92,"stat.mineBlock.minecraft.crafting_table":1,"stat.mobKills":12,"stat.mineBlock.minecraft.log":23,"stat.useItem.minecraft.boat":2,"stat.deaths":2,"stat.drop":3,"stat.mineBlock.minecraft.leaves":1,"stat.playOneMinute":117369,"stat.pickup.minecraft.torch":1,"stat.killEntity.Sheep":1,"stat.sneakTime":6074,"stat.craftItem.minecraft.iron_pickaxe":1,"stat.pickup.minecraft.wool":1,"stat.useItem.lepidodendron.bivalve_raw":1,"stat.useItem.minecraft.wooden_axe":16,"stat.pickup.lepidodendron.scoria":8,"stat.mineBlock.minecraft.stone":135,"stat.mineBlock.minecraft.tallgrass":2,"stat.craftItem.minecraft.cooked_mutton":1,"stat.diveOneCm":13187}