{"stat.chestOpened":28,"stat.drop.minecraft.stone_pickaxe":1,"stat.pickup.saint_seiya_mod.trainingclothhelmet":3,"stat.pickup.millenaire.bed_straw":1,"stat.craftItem.mocreatures.crabcooked":1,"stat.killEntity.grimoireofgaia.banshee":1,"stat.useItem.minecraft.iron_axe":119,"stat.leaveGame":7,"stat.pickup.minecraft.arrow":64,"stat.pickup.minecraft.iron_sword":1,"stat.drop.minecraft.cooked_beef":73,"stat.pickup.minecraft.stone_pickaxe":3,"stat.pickup.minecraft.stone_axe":1,"stat.killEntity.grimoireofgaia.cyan_flower":2,"stat.killEntity.grimoireofgaia.ant":1,"stat.pickup.grimoireofgaia.misc_soul_fire":1,"stat.pickup.millenaire.denier":25,"stat.craftItem.minecraft.iron_axe":1,"stat.entityKilledBy.grimoireofgaia.sphinx":1,"stat.pickup.minecraft.gold_nugget":3,"stat.swimOneCm":18115,"stat.jump":2074,"stat.mineBlock.lepidodendron.anthracite_ore":2,"stat.pickup.minecraft.fence":2,"stat.pickup.minecraft.coal":57,"stat.pickup.mocreatures.bigcatclaw":10,"stat.fallOneCm":32339,"stat.climbOneCm":1759,"stat.pickup.minecraft.porkchop":5,"stat.crouchOneCm":563,"stat.pickup.minecraft.dirt":27,"stat.useItem.minecraft.dirt":5,"stat.useItem.minecraft.stone_slab2":8,"stat.killEntity.mocreatures:ant":1,"stat.pickup.minecraft.bow":1,"stat.craftingTableInteraction":9,"stat.entityKilledBy.grimoireofgaia.matango":1,"stat.pickup.minecraft.sand":67,"stat.pickup.lepidodendron.small_angiosperm_seeds":2,"stat.killEntity.mocreatures:lion":2,"stat.pickup.minecraft.iron_axe":1,"stat.useItem.minecraft.egg":1,"stat.mineBlock.minecraft.leaves2":1,"stat.mineBlock.minecraft.log2":21,"stat.damageTaken":2423,"stat.pickup.minecraft.leather":10,"stat.mineBlock.minecraft.torch":3,"stat.craftItem.minecraft.cooked_beef":10,"stat.pickup.minecraft.cobblestone":3,"stat.pickup.minecraft.log2":21,"stat.pickup.minecraft.dye":2,"stat.pickup.minecraft.planks":7,"stat.mineBlock.saint_seiya_mod.pimacottonplant":8,"stat.flyOneCm":405062,"stat.pickup.minecraft.bed":2,"stat.pickup.minecraft.brown_mushroom":1,"stat.pickup.saint_seiya_mod.trainingclothbody":1,"stat.mineBlock.minecraft.sand":65,"stat.pickup.minecraft.fish":10,"stat.useItem.minecraft.cooked_beef":24,"stat.pickup.millenaire.earth_deco":7,"stat.damageDealt":5414,"stat.craftItem.minecraft.glass":20,"stat.sleepInBed":12,"stat.timeSinceDeath":2666,"stat.killEntity.Cow":6,"stat.mineBlock.minecraft.dirt":18,"stat.useItem.minecraft.iron_pickaxe":63,"stat.killEntity.Pig":2,"stat.pickup.minecraft.mutton":14,"stat.craftItem.minecraft.iron_sword":2,"stat.walkOneCm":311265,"stat.pickup.minecraft.wooden_axe":1,"stat.pickup.minecraft.iron_nugget":6,"stat.mineBlock.millenaire.locked_chest":1,"stat.pickup.lepidodendron.bug_raw":2,"stat.furnaceInteraction":38,"stat.killEntity.mocreatures:crab":1,"stat.pickup.minecraft.iron_shovel":2,"stat.mineBlock.minecraft.coal_ore":57,"stat.pickup.millenaire.denierargent":27,"stat.talkedToVillager":6,"stat.pickup.minecraft.log":100,"stat.pickup.minecraft.string":4,"stat.pickup.minecraft.beef":10,"stat.pickup.minecraft.iron_pickaxe":2,"stat.pickup.lepidodendron.anthracite":2,"stat.pickup.saint_seiya_mod.pimacotton":8,"stat.drop.minecraft.planks":1,"stat.pickup.minecraft.sapling":195,"stat.sprintOneCm":635466,"stat.pickup.minecraft.cooked_beef":40,"stat.pickup.minecraft.apple":1,"stat.craftItem.minecraft.stick":16,"stat.mineBlock.millenaire.bed_straw":1,"stat.craftItem.minecraft.planks":12,"stat.useItem.minecraft.iron_sword":36,"stat.mineBlock.minecraft.fence":1,"stat.killEntity.grimoireofgaia.sporeling":1,"stat.mobKills":28,"stat.mineBlock.minecraft.log":101,"stat.deaths":4,"stat.mineBlock.minecraft.planks":1,"stat.drop":76,"stat.mineBlock.minecraft.leaves":16,"stat.pickup.minecraft.egg":5,"stat.playOneMinute":174677,"stat.pickup.mocreatures.crabraw":1,"stat.pickup.minecraft.torch":3,"stat.pickup.saint_seiya_mod.trainingclothlegs":2,"stat.killEntity.Sheep":9,"stat.pickup.minecraft.red_flower":4,"stat.sneakTime":294,"stat.craftItem.minecraft.iron_pickaxe":1,"stat.pickup.minecraft.wool":8,"stat.drop.minecraft.stone_axe":1,"stat.useItem.minecraft.wooden_axe":21,"stat.pickup.mocreatures.hide":8,"stat.mineBlock.minecraft.stone":3,"stat.mineBlock.minecraft.tallgrass":5,"stat.diveOneCm":6610,"stat.entityKilledBy.grimoireofgaia.toad":1}