{"stat.chestOpened":32,"stat.drop.minecraft.stone_pickaxe":1,"stat.pickup.saint_seiya_mod.trainingclothhelmet":7,"stat.pickup.millenaire.bed_straw":1,"stat.craftItem.mocreatures.crabcooked":1,"stat.killEntity.grimoireofgaia.banshee":1,"stat.useItem.minecraft.iron_axe":119,"stat.leaveGame":7,"stat.pickup.minecraft.arrow":192,"stat.pickup.minecraft.iron_sword":2,"stat.drop.minecraft.cooked_beef":73,"stat.pickup.minecraft.stone_pickaxe":5,"stat.pickup.minecraft.stone_axe":1,"stat.killEntity.grimoireofgaia.cyan_flower":2,"stat.pickup.minecraft.flint":2,"stat.killEntity.grimoireofgaia.ant":3,"stat.pickup.grimoireofgaia.misc_soul_fire":1,"stat.pickup.millenaire.denier":88,"stat.craftItem.minecraft.iron_axe":1,"stat.entityKilledBy.grimoireofgaia.sphinx":1,"stat.pickup.minecraft.gold_nugget":3,"stat.swimOneCm":27070,"stat.jump":2368,"stat.mineBlock.lepidodendron.anthracite_ore":2,"stat.pickup.minecraft.fence":2,"stat.pickup.minecraft.coal":57,"stat.pickup.mocreatures.bigcatclaw":15,"stat.fallOneCm":35726,"stat.climbOneCm":3365,"stat.craftItem.minecraft.shield":1,"stat.pickup.minecraft.porkchop":5,"stat.crouchOneCm":563,"stat.pickup.minecraft.glass":32,"stat.pickup.minecraft.dirt":27,"stat.useItem.minecraft.dirt":5,"stat.useItem.minecraft.stone_slab2":8,"stat.killEntity.mocreatures:ant":1,"stat.pickup.minecraft.bow":1,"stat.drop.minecraft.iron_sword":1,"stat.craftingTableInteraction":12,"stat.entityKilledBy.grimoireofgaia.matango":1,"stat.pickup.minecraft.sand":718,"stat.pickup.lepidodendron.small_angiosperm_seeds":2,"stat.drop.saint_seiya_mod.trainingclothhelmet":2,"stat.killEntity.mocreatures:lion":2,"stat.pickup.minecraft.iron_axe":1,"stat.useItem.minecraft.egg":1,"stat.mineBlock.minecraft.leaves2":1,"stat.mineBlock.minecraft.log2":21,"stat.damageTaken":2851,"stat.pickup.minecraft.leather":10,"stat.mineBlock.minecraft.torch":3,"stat.craftItem.minecraft.cooked_beef":10,"stat.pickup.minecraft.cobblestone":69,"stat.pickup.minecraft.log2":21,"stat.pickup.minecraft.dye":2,"stat.pickup.minecraft.planks":7,"stat.mineBlock.saint_seiya_mod.pimacottonplant":8,"stat.flyOneCm":476329,"stat.pickup.minecraft.bed":2,"stat.pickup.minecraft.brown_mushroom":1,"stat.pickup.saint_seiya_mod.trainingclothbody":3,"stat.mineBlock.minecraft.sand":65,"stat.pickup.minecraft.fish":10,"stat.useItem.minecraft.cooked_beef":29,"stat.pickup.millenaire.earth_deco":7,"stat.damageDealt":6724,"stat.craftItem.minecraft.glass":52,"stat.sleepInBed":13,"stat.timeSinceDeath":1263,"stat.killEntity.Cow":6,"stat.mineBlock.minecraft.dirt":18,"stat.useItem.minecraft.iron_pickaxe":63,"stat.killEntity.Pig":2,"stat.pickup.minecraft.mutton":14,"stat.craftItem.minecraft.iron_sword":2,"stat.walkOneCm":352997,"stat.pickup.minecraft.wooden_axe":1,"stat.pickup.minecraft.iron_nugget":13,"stat.mineBlock.millenaire.locked_chest":1,"stat.pickup.lepidodendron.bug_raw":5,"stat.furnaceInteraction":46,"stat.killEntity.mocreatures:crab":1,"stat.pickup.minecraft.iron_shovel":4,"stat.mineBlock.minecraft.coal_ore":57,"stat.pickup.grimoireofgaia.food_honey":2,"stat.pickup.millenaire.denierargent":96,"stat.pickup.minecraft.shield":1,"stat.talkedToVillager":22,"stat.pickup.minecraft.log":100,"stat.pickup.minecraft.string":10,"stat.pickup.minecraft.beef":10,"stat.pickup.minecraft.iron_pickaxe":4,"stat.pickup.lepidodendron.anthracite":2,"stat.pickup.saint_seiya_mod.pimacotton":8,"stat.drop.minecraft.planks":1,"stat.killEntity.grimoireofgaia.dullahan":1,"stat.pickup.minecraft.sapling":195,"stat.sprintOneCm":728328,"stat.pickup.minecraft.cooked_beef":115,"stat.pickup.minecraft.apple":1,"stat.craftItem.minecraft.stick":16,"stat.mineBlock.millenaire.bed_straw":1,"stat.craftItem.minecraft.planks":12,"stat.useItem.minecraft.iron_sword":55,"stat.mineBlock.minecraft.fence":1,"stat.killEntity.grimoireofgaia.sporeling":1,"stat.killEntity.Spider":1,"stat.mobKills":32,"stat.mineBlock.minecraft.log":101,"stat.killEntity.mocreatures:filchlizard":1,"stat.deaths":5,"stat.mineBlock.minecraft.planks":1,"stat.drop":81,"stat.mineBlock.minecraft.leaves":16,"stat.pickup.minecraft.egg":5,"stat.playOneMinute":199877,"stat.pickup.mocreatures.crabraw":1,"stat.pickup.minecraft.torch":3,"stat.pickup.saint_seiya_mod.trainingclothlegs":5,"stat.killEntity.Sheep":9,"stat.pickup.minecraft.red_flower":4,"stat.sneakTime":294,"stat.craftItem.minecraft.iron_pickaxe":1,"stat.pickup.minecraft.wool":8,"stat.drop.minecraft.stone_axe":1,"stat.useItem.minecraft.wooden_axe":21,"stat.drop.saint_seiya_mod.trainingclothlegs":2,"stat.pickup.mocreatures.hide":20,"stat.mineBlock.minecraft.stone":3,"stat.mineBlock.minecraft.tallgrass":7,"stat.diveOneCm":6610,"stat.entityKilledBy.grimoireofgaia.toad":1}