{"stat.chestOpened":7,"stat.drop.minecraft.stone_pickaxe":1,"stat.pickup.millenaire.bed_straw":1,"stat.walkOneCm":152402,"stat.killEntity.grimoireofgaia.banshee":1,"stat.pickup.minecraft.wooden_axe":1,"stat.pickup.minecraft.iron_nugget":2,"stat.leaveGame":6,"stat.drop.minecraft.cooked_beef":59,"stat.pickup.minecraft.stone_pickaxe":1,"stat.furnaceInteraction":3,"stat.pickup.minecraft.stone_axe":1,"stat.killEntity.mocreatures:crab":1,"stat.pickup.grimoireofgaia.misc_soul_fire":1,"stat.pickup.millenaire.denier":10,"stat.pickup.minecraft.gold_nugget":3,"stat.pickup.minecraft.log":8,"stat.swimOneCm":3050,"stat.jump":843,"stat.fallOneCm":14181,"stat.pickup.saint_seiya_mod.pimacotton":8,"stat.crouchOneCm":125,"stat.pickup.minecraft.sapling":194,"stat.pickup.minecraft.dirt":7,"stat.useItem.minecraft.dirt":1,"stat.sprintOneCm":288000,"stat.useItem.minecraft.stone_slab2":3,"stat.killEntity.mocreatures:ant":1,"stat.craftingTableInteraction":7,"stat.entityKilledBy.grimoireofgaia.matango":1,"stat.pickup.minecraft.sand":15,"stat.useItem.minecraft.egg":1,"stat.damageTaken":967,"stat.killEntity.grimoireofgaia.sporeling":1,"stat.mineBlock.minecraft.torch":1,"stat.mobKills":5,"stat.mineBlock.minecraft.log":8,"stat.mineBlock.saint_seiya_mod.pimacottonplant":8,"stat.flyOneCm":150658,"stat.deaths":1,"stat.drop":61,"stat.pickup.minecraft.brown_mushroom":1,"stat.mineBlock.minecraft.leaves":6,"stat.mineBlock.minecraft.sand":15,"stat.pickup.minecraft.egg":2,"stat.playOneMinute":74700,"stat.pickup.mocreatures.crabraw":1,"stat.pickup.minecraft.torch":1,"stat.killEntity.Sheep":1,"stat.useItem.minecraft.cooked_beef":12,"stat.sneakTime":28,"stat.pickup.minecraft.wool":1,"stat.damageDealt":2069,"stat.drop.minecraft.stone_axe":1,"stat.sleepInBed":4,"stat.timeSinceDeath":70953,"stat.useItem.minecraft.wooden_axe":21,"stat.mineBlock.minecraft.dirt":6,"stat.mineBlock.minecraft.tallgrass":5,"stat.pickup.minecraft.mutton":1,"stat.diveOneCm":3158}