{"stat.chestOpened":99,"stat.drop.minecraft.stone_pickaxe":1,"stat.pickup.millenaire.bed_straw":14,"stat.drop.millenaire.negationwand":1,"stat.drop.minecraft.wooden_pickaxe":2,"stat.pickup.minecraft.iron_sword":4,"stat.pickup.minecraft.arrow":6,"stat.craftItem.minecraft.cooked_porkchop":7,"stat.mineBlock.minecraft.cobblestone":1,"stat.killEntity.Slime":1,"stat.pickup.minecraft.stone_pickaxe":1,"stat.pickup.mocreatures.reptilehide":1,"stat.pickup.millenaire.negationwand":1,"stat.swimOneCm":6587,"stat.jump":1414,"stat.pickup.mocreatures.bigcatclaw":1,"stat.pickup.minecraft.coal":20,"stat.pickup.minecraft.iron_helmet":1,"stat.fallOneCm":25130,"stat.climbOneCm":2770,"stat.drop.minecraft.cobblestone":6,"stat.killEntity.mocreatures:komododragon":1,"stat.drop.minecraft.stone_sword":1,"stat.pickup.minecraft.porkchop":15,"stat.crouchOneCm":234,"stat.craftItem.minecraft.chest":1,"stat.craftItem.minecraft.torch":40,"stat.craftItem.minecraft.iron_ingot":13,"stat.pickup.minecraft.dirt":20,"stat.useItem.minecraft.dirt":5,"stat.useItem.minecraft.stone_slab2":18,"stat.pickup.minecraft.iron_boots":1,"stat.drop.minecraft.iron_sword":2,"stat.craftingTableInteraction":16,"stat.pickup.minecraft.iron_ore":18,"stat.pickup.minecraft.rotten_flesh":6,"stat.pickup.minecraft.diamond_horse_armor":2,"stat.pickup.minecraft.sand":45,"stat.craftItem.minecraft.furnace":1,"stat.entityKilledBy.mutantbeasts.mutant_enderman":1,"stat.mineBlock.minecraft.leaves2":1,"stat.mineBlock.minecraft.log2":31,"stat.pickup.minecraft.wooden_pickaxe":4,"stat.pickup.minecraft.leather":3,"stat.damageTaken":1777,"stat.pickup.minecraft.feather":2,"stat.pickup.minecraft.name_tag":2,"stat.mineBlock.minecraft.torch":9,"stat.craftItem.minecraft.stone_pickaxe":1,"stat.craftItem.minecraft.cooked_beef":8,"stat.useItem.minecraft.wooden_pickaxe":9,"stat.pickup.minecraft.cobblestone":55,"stat.craftItem.minecraft.wooden_sword":1,"stat.pickup.minecraft.log2":61,"stat.pickup.minecraft.dye":2,"stat.pickup.minecraft.planks":208,"stat.pickup.minecraft.iron_leggings":1,"stat.flyOneCm":279842,"stat.killEntity.mocreatures:turkey":2,"stat.pickup.minecraft.sandstone":26,"stat.pickup.minecraft.glass_bottle":1,"stat.pickup.minecraft.wheat_seeds":13,"stat.pickup.minecraft.fish":1,"stat.useItem.minecraft.stone_pickaxe":30,"stat.useItem.minecraft.cooked_beef":8,"stat.craftItem.minecraft.cooked_fish":1,"stat.damageDealt":2050,"stat.mineBlock.minecraft.iron_ore":15,"stat.sleepInBed":8,"stat.timeSinceDeath":24222,"stat.killEntity.Cow":5,"stat.mineBlock.minecraft.dirt":12,"stat.craftItem.minecraft.wooden_pickaxe":1,"stat.killEntity.Pig":4,"stat.pickup.minecraft.mutton":6,"stat.killEntity.mocreatures:bass":1,"stat.walkOneCm":302032,"stat.useItem.minecraft.bread":1,"stat.useItem.minecraft.torch":19,"stat.pickup.minecraft.stick":4,"stat.pickup.minecraft.wooden_axe":2,"stat.pickup.minecraft.crafting_table":1,"stat.pickup.sexmod.allies_lamp":2,"stat.pickup.minecraft.wooden_shovel":2,"stat.useItem.minecraft.cobblestone":1,"stat.furnaceInteraction":24,"stat.mineBlock.minecraft.double_plant":1,"stat.pickup.millenaire.rice":10,"stat.mineBlock.minecraft.coal_ore":16,"stat.pickup.minecraft.wooden_sword":1,"stat.pickup.minecraft.string":3,"stat.entityKilledBy.mocreatures:horsemob":1,"stat.pickup.minecraft.beef":11,"stat.useItem.minecraft.cooked_mutton":4,"stat.drop.minecraft.iron_ore":2,"stat.drop.minecraft.planks":90,"stat.pickup.minecraft.sandstone_stairs":4,"stat.sprintOneCm":304094,"stat.pickup.minecraft.iron_chestplate":1,"stat.pickup.mocreatures.turkeyraw":1,"stat.craftItem.minecraft.stick":20,"stat.craftItem.minecraft.wooden_axe":1,"stat.pickup.minecraft.gold_ingot":6,"stat.mineBlock.millenaire.bed_straw":11,"stat.craftItem.minecraft.planks":64,"stat.useItem.minecraft.iron_sword":80,"stat.entityKilledBy.grimoireofgaia.ant":1,"stat.mineBlock.minecraft.crafting_table":1,"stat.pickup.minecraft.stone_sword":1,"stat.useItem.millenaire.bed_straw":1,"stat.useItem.minecraft.wooden_shovel":141,"stat.mobKills":17,"stat.pickup.minecraft.emerald":2,"stat.useItem.minecraft.beef":3,"stat.deaths":4,"stat.drop":128,"stat.pickup.minecraft.diamond":3,"stat.pickup.minecraft.iron_horse_armor":2,"stat.playOneMinute":125232,"stat.pickup.minecraft.torch":135,"stat.killEntity.Sheep":4,"stat.sneakTime":27,"stat.pickup.minecraft.wool":4,"stat.drop.minecraft.chest":1,"stat.pickup.minecraft.cooked_fish":1,"stat.useItem.minecraft.wooden_axe":14,"stat.drop.minecraft.torch":22,"stat.mineBlock.minecraft.stone":1,"stat.entityKilledBy.grimoireofgaia.creep":1,"stat.mineBlock.minecraft.tallgrass":66,"stat.craftItem.minecraft.cooked_mutton":6,"stat.diveOneCm":6382,"stat.pickup.minecraft.chest":1,"stat.pickup.minecraft.cooked_mutton":9}