{"stat.chestOpened":6,"stat.pickup.millenaire.bed_straw":1,"stat.walkOneCm":85252,"stat.killEntity.grimoireofgaia.banshee":1,"stat.pickup.minecraft.wooden_axe":1,"stat.leaveGame":6,"stat.drop.minecraft.cooked_beef":59,"stat.furnaceInteraction":3,"stat.killEntity.mocreatures:crab":1,"stat.pickup.grimoireofgaia.misc_soul_fire":1,"stat.pickup.minecraft.gold_nugget":3,"stat.pickup.minecraft.log":4,"stat.swimOneCm":693,"stat.jump":387,"stat.fallOneCm":5498,"stat.pickup.saint_seiya_mod.pimacotton":7,"stat.crouchOneCm":5,"stat.pickup.minecraft.sapling":1,"stat.pickup.minecraft.dirt":3,"stat.useItem.minecraft.dirt":1,"stat.sprintOneCm":160549,"stat.useItem.minecraft.stone_slab2":2,"stat.killEntity.mocreatures:ant":1,"stat.craftingTableInteraction":7,"stat.entityKilledBy.grimoireofgaia.matango":1,"stat.pickup.minecraft.sand":15,"stat.damageTaken":653,"stat.mobKills":4,"stat.mineBlock.minecraft.log":4,"stat.mineBlock.saint_seiya_mod.pimacottonplant":7,"stat.flyOneCm":80135,"stat.deaths":1,"stat.drop":59,"stat.mineBlock.minecraft.leaves":5,"stat.mineBlock.minecraft.sand":15,"stat.pickup.minecraft.egg":1,"stat.playOneMinute":50400,"stat.pickup.mocreatures.crabraw":1,"stat.killEntity.Sheep":1,"stat.useItem.minecraft.cooked_beef":6,"stat.sneakTime":14,"stat.pickup.minecraft.wool":1,"stat.damageDealt":1317,"stat.sleepInBed":2,"stat.timeSinceDeath":46653,"stat.useItem.minecraft.wooden_axe":8,"stat.mineBlock.minecraft.dirt":2,"stat.pickup.minecraft.mutton":1}