{"stat.chestOpened":2,"stat.entityKilledBy.grimoireofgaia.matango":1,"stat.pickup.millenaire.bed_straw":1,"stat.walkOneCm":35798,"stat.leaveGame":6,"stat.damageTaken":360,"stat.flyOneCm":25100,"stat.deaths":1,"stat.jump":113,"stat.playOneMinute":26100,"stat.fallOneCm":1045,"stat.useItem.minecraft.cooked_beef":2,"stat.sleepInBed":1,"stat.timeSinceDeath":22353,"stat.pickup.minecraft.sapling":1,"stat.pickup.minecraft.dirt":1,"stat.sprintOneCm":41010,"stat.useItem.minecraft.stone_slab2":1,"stat.craftingTableInteraction":7}