{"stat.chestOpened":6,"stat.pickup.millenaire.bed_straw":1,"stat.walkOneCm":126313,"stat.killEntity.grimoireofgaia.banshee":1,"stat.pickup.minecraft.wooden_axe":1,"stat.pickup.minecraft.iron_nugget":2,"stat.leaveGame":6,"stat.drop.minecraft.cooked_beef":59,"stat.pickup.minecraft.stone_pickaxe":1,"stat.furnaceInteraction":3,"stat.pickup.minecraft.stone_axe":1,"stat.killEntity.mocreatures:crab":1,"stat.pickup.grimoireofgaia.misc_soul_fire":1,"stat.pickup.millenaire.denier":10,"stat.pickup.minecraft.gold_nugget":3,"stat.pickup.minecraft.log":4,"stat.swimOneCm":2632,"stat.jump":596,"stat.fallOneCm":9225,"stat.pickup.saint_seiya_mod.pimacotton":8,"stat.crouchOneCm":5,"stat.pickup.minecraft.sapling":193,"stat.pickup.minecraft.dirt":5,"stat.useItem.minecraft.dirt":1,"stat.sprintOneCm":228037,"stat.useItem.minecraft.stone_slab2":2,"stat.killEntity.mocreatures:ant":1,"stat.craftingTableInteraction":7,"stat.entityKilledBy.grimoireofgaia.matango":1,"stat.pickup.minecraft.sand":15,"stat.useItem.minecraft.egg":1,"stat.damageTaken":849,"stat.killEntity.grimoireofgaia.sporeling":1,"stat.mineBlock.minecraft.torch":1,"stat.mobKills":5,"stat.mineBlock.minecraft.log":4,"stat.mineBlock.saint_seiya_mod.pimacottonplant":8,"stat.flyOneCm":108516,"stat.deaths":1,"stat.drop":59,"stat.pickup.minecraft.brown_mushroom":1,"stat.mineBlock.minecraft.leaves":5,"stat.mineBlock.minecraft.sand":15,"stat.pickup.minecraft.egg":2,"stat.playOneMinute":63000,"stat.pickup.mocreatures.crabraw":1,"stat.pickup.minecraft.torch":1,"stat.killEntity.Sheep":1,"stat.useItem.minecraft.cooked_beef":10,"stat.sneakTime":14,"stat.pickup.minecraft.wool":1,"stat.damageDealt":1454,"stat.sleepInBed":3,"stat.timeSinceDeath":59253,"stat.useItem.minecraft.wooden_axe":14,"stat.mineBlock.minecraft.dirt":4,"stat.mineBlock.minecraft.tallgrass":5,"stat.pickup.minecraft.mutton":1,"stat.diveOneCm":1311}