{"stat.chestOpened":2,"stat.pickup.minecraft.rotten_flesh":4,"stat.pickup.minecraft.diamond_horse_armor":2,"stat.pickup.minecraft.sand":23,"stat.pickup.millenaire.bed_straw":9,"stat.walkOneCm":105369,"stat.useItem.minecraft.bread":1,"stat.useItem.minecraft.torch":1,"stat.mineBlock.millenaire.bed_straw":7,"stat.entityKilledBy.grimoireofgaia.ant":1,"stat.pickup.sexmod.allies_lamp":2,"stat.damageTaken":715,"stat.pickup.minecraft.leather":3,"stat.pickup.minecraft.name_tag":2,"stat.pickup.minecraft.wooden_shovel":2,"stat.mineBlock.minecraft.torch":1,"stat.useItem.minecraft.wooden_shovel":77,"stat.mobKills":5,"stat.pickup.minecraft.dye":2,"stat.pickup.minecraft.string":2,"stat.flyOneCm":46599,"stat.deaths":2,"stat.pickup.minecraft.sandstone":26,"stat.pickup.minecraft.glass_bottle":1,"stat.jump":336,"stat.swimOneCm":292,"stat.pickup.minecraft.iron_horse_armor":2,"stat.playOneMinute":27132,"stat.pickup.mocreatures.bigcatclaw":1,"stat.fallOneCm":5424,"stat.climbOneCm":2770,"stat.pickup.minecraft.torch":55,"stat.pickup.minecraft.beef":11,"stat.damageDealt":506,"stat.sleepInBed":1,"stat.timeSinceDeath":15738,"stat.pickup.minecraft.sandstone_stairs":4,"stat.killEntity.Cow":5,"stat.sprintOneCm":101460,"stat.useItem.minecraft.stone_slab2":9,"stat.entityKilledBy.grimoireofgaia.creep":1,"stat.diveOneCm":152,"stat.pickup.minecraft.gold_ingot":4}