{"stat.chestOpened":29,"stat.pickup.millenaire.bed_straw":12,"stat.killEntity.mocreatures:bass":1,"stat.walkOneCm":189786,"stat.useItem.minecraft.bread":1,"stat.useItem.minecraft.torch":1,"stat.drop.minecraft.wooden_pickaxe":1,"stat.pickup.minecraft.iron_sword":1,"stat.pickup.sexmod.allies_lamp":2,"stat.pickup.minecraft.crafting_table":1,"stat.pickup.minecraft.wooden_shovel":2,"stat.furnaceInteraction":7,"stat.mineBlock.minecraft.double_plant":1,"stat.pickup.minecraft.string":2,"stat.swimOneCm":6587,"stat.jump":842,"stat.pickup.mocreatures.bigcatclaw":1,"stat.fallOneCm":14629,"stat.climbOneCm":2770,"stat.pickup.minecraft.beef":11,"stat.pickup.minecraft.porkchop":7,"stat.crouchOneCm":56,"stat.pickup.minecraft.sandstone_stairs":4,"stat.pickup.minecraft.dirt":8,"stat.useItem.minecraft.dirt":2,"stat.sprintOneCm":195608,"stat.useItem.minecraft.stone_slab2":16,"stat.pickup.mocreatures.turkeyraw":1,"stat.craftItem.minecraft.stick":20,"stat.drop.minecraft.iron_sword":1,"stat.pickup.minecraft.gold_ingot":4,"stat.craftingTableInteraction":4,"stat.pickup.minecraft.rotten_flesh":4,"stat.pickup.minecraft.diamond_horse_armor":2,"stat.pickup.minecraft.sand":23,"stat.mineBlock.millenaire.bed_straw":9,"stat.craftItem.minecraft.planks":64,"stat.useItem.minecraft.iron_sword":2,"stat.entityKilledBy.grimoireofgaia.ant":1,"stat.mineBlock.minecraft.leaves2":1,"stat.mineBlock.minecraft.log2":25,"stat.pickup.minecraft.wooden_pickaxe":1,"stat.damageTaken":909,"stat.pickup.minecraft.leather":3,"stat.mineBlock.minecraft.crafting_table":1,"stat.pickup.minecraft.feather":2,"stat.pickup.minecraft.name_tag":2,"stat.mineBlock.minecraft.torch":2,"stat.craftItem.minecraft.cooked_beef":8,"stat.useItem.minecraft.wooden_shovel":141,"stat.mobKills":12,"stat.pickup.minecraft.cobblestone":2,"stat.craftItem.minecraft.wooden_sword":1,"stat.pickup.minecraft.log2":23,"stat.pickup.minecraft.dye":2,"stat.useItem.minecraft.beef":3,"stat.flyOneCm":155578,"stat.killEntity.mocreatures:turkey":2,"stat.deaths":2,"stat.pickup.minecraft.sandstone":26,"stat.pickup.minecraft.glass_bottle":1,"stat.pickup.minecraft.wheat_seeds":10,"stat.drop":2,"stat.pickup.minecraft.iron_horse_armor":2,"stat.playOneMinute":64032,"stat.pickup.minecraft.fish":1,"stat.pickup.minecraft.torch":56,"stat.killEntity.Sheep":4,"stat.useItem.minecraft.cooked_beef":5,"stat.sneakTime":4,"stat.pickup.minecraft.wool":4,"stat.damageDealt":1079,"stat.sleepInBed":4,"stat.timeSinceDeath":52638,"stat.killEntity.Cow":5,"stat.mineBlock.minecraft.dirt":8,"stat.craftItem.minecraft.wooden_pickaxe":1,"stat.entityKilledBy.grimoireofgaia.creep":1,"stat.mineBlock.minecraft.tallgrass":29,"stat.diveOneCm":6382,"stat.pickup.minecraft.mutton":6}