{"stat.chestOpened":2,"stat.pickup.minecraft.rotten_flesh":4,"stat.pickup.minecraft.diamond_horse_armor":2,"stat.pickup.minecraft.sand":23,"stat.pickup.millenaire.bed_straw":1,"stat.walkOneCm":39330,"stat.useItem.minecraft.bread":1,"stat.useItem.minecraft.torch":1,"stat.mineBlock.millenaire.bed_straw":1,"stat.entityKilledBy.grimoireofgaia.ant":1,"stat.pickup.sexmod.allies_lamp":2,"stat.damageTaken":655,"stat.pickup.minecraft.name_tag":2,"stat.pickup.minecraft.wooden_shovel":2,"stat.mineBlock.minecraft.torch":1,"stat.pickup.minecraft.dye":2,"stat.pickup.minecraft.string":2,"stat.flyOneCm":44780,"stat.deaths":2,"stat.pickup.minecraft.sandstone":26,"stat.pickup.minecraft.glass_bottle":1,"stat.jump":221,"stat.swimOneCm":292,"stat.pickup.minecraft.iron_horse_armor":2,"stat.playOneMinute":15432,"stat.pickup.mocreatures.bigcatclaw":1,"stat.fallOneCm":4110,"stat.climbOneCm":2770,"stat.pickup.minecraft.torch":55,"stat.timeSinceDeath":4038,"stat.pickup.minecraft.sandstone_stairs":4,"stat.sprintOneCm":101396,"stat.entityKilledBy.grimoireofgaia.creep":1,"stat.diveOneCm":152,"stat.pickup.minecraft.gold_ingot":4}