{"stat.drop.minecraft.stone_pickaxe":1,"stat.craftItem.mocreatures.crabcooked":1,"stat.killEntity.grimoireofgaia.banshee":1,"stat.useItem.minecraft.iron_axe":119,"stat.leaveGame":10,"stat.pickup.minecraft.stone_pickaxe":7,"stat.pickup.minecraft.flint":2,"stat.killEntity.grimoireofgaia.ant":3,"stat.pickup.grimoireofgaia.misc_soul_fire":1,"stat.pickup.millenaire.denier":98,"stat.craftItem.minecraft.iron_axe":1,"stat.entityKilledBy.grimoireofgaia.sphinx":1,"stat.killEntity.mocreatures:boar":2,"stat.swimOneCm":32839,"stat.mineBlock.lepidodendron.anthracite_ore":2,"stat.climbOneCm":3505,"stat.craftItem.minecraft.shield":1,"stat.craftItem.minecraft.saddle":1,"stat.killEntity.mocreatures:komododragon":2,"stat.pickup.minecraft.porkchop":17,"stat.pickup.minecraft.glass":32,"stat.useItem.minecraft.dirt":5,"stat.useItem.minecraft.stone_slab2":10,"stat.pickup.minecraft.bow":1,"stat.drop.minecraft.iron_sword":2,"stat.pickup.minecraft.rotten_flesh":6,"stat.pickup.minecraft.sand":928,"stat.pickup.lepidodendron.small_angiosperm_seeds":2,"stat.pickup.lepidodendron.fossil_jurassic":33,"stat.drop.saint_seiya_mod.trainingclothhelmet":2,"stat.useItem.minecraft.egg":1,"stat.craftItem.minecraft.cooked_beef":10,"stat.pickup.minecraft.cobblestone":93,"stat.mineBlock.saint_seiya_mod.pimacottonplant":8,"stat.flyOneCm":609036,"stat.pickup.minecraft.brown_mushroom":1,"stat.mineBlock.minecraft.sand":65,"stat.pickup.minecraft.fish":10,"stat.drop.minecraft.sand":2,"stat.useItem.minecraft.cooked_beef":34,"stat.timeSinceDeath":432,"stat.useItem.minecraft.iron_pickaxe":81,"stat.pickup.minecraft.mutton":14,"stat.pickup.minecraft.wooden_axe":1,"stat.mineBlock.millenaire.locked_chest":1,"stat.furnaceInteraction":46,"stat.killEntity.mocreatures:crab":1,"stat.pickup.minecraft.iron_shovel":6,"stat.mineBlock.minecraft.coal_ore":58,"stat.pickup.minecraft.shield":3,"stat.talkedToVillager":33,"stat.entityKilledBy.grimoireofgaia.harpy":1,"stat.pickup.minecraft.string":10,"stat.pickup.minecraft.beef":10,"stat.pickup.saint_seiya_mod.pimacotton":8,"stat.sprintOneCm":925834,"stat.craftItem.minecraft.stick":16,"stat.mineBlock.millenaire.bed_straw":2,"stat.mineBlock.minecraft.fence":1,"stat.pickup.minecraft.saddle":2,"stat.deaths":10,"stat.mineBlock.minecraft.planks":1,"stat.drop":87,"stat.pickup.minecraft.egg":5,"stat.playOneMinute":251378,"stat.pickup.mocreatures.crabraw":1,"stat.pickup.saint_seiya_mod.trainingclothlegs":7,"stat.killEntity.Sheep":9,"stat.craftItem.minecraft.iron_pickaxe":1,"stat.killEntity.Zombie":1,"stat.drop.saint_seiya_mod.trainingclothlegs":2,"stat.drop.minecraft.iron_ingot":2,"stat.pickup.mocreatures.hide":32,"stat.mineBlock.minecraft.tallgrass":7,"stat.diveOneCm":7640,"stat.entityKilledBy.grimoireofgaia.toad":1,"stat.chestOpened":39,"stat.pickup.saint_seiya_mod.trainingclothhelmet":9,"stat.pickup.millenaire.bed_straw":3,"stat.pickup.minecraft.arrow":320,"stat.pickup.minecraft.iron_sword":5,"stat.drop.minecraft.cooked_beef":73,"stat.pickup.minecraft.stone_axe":1,"stat.killEntity.grimoireofgaia.cyan_flower":2,"stat.pickup.mocreatures.reptilehide":6,"stat.pickup.minecraft.gold_nugget":3,"stat.jump":3010,"stat.pickup.minecraft.fence":2,"stat.pickup.minecraft.coal":60,"stat.pickup.mocreatures.bigcatclaw":15,"stat.fallOneCm":45204,"stat.pickup.minecraft.iron_ingot":63,"stat.crouchOneCm":563,"stat.pickup.minecraft.dirt":30,"stat.killEntity.mocreatures:ant":1,"stat.craftingTableInteraction":13,"stat.pickup.minecraft.iron_ore":12,"stat.entityKilledBy.grimoireofgaia.matango":1,"stat.killEntity.mocreatures:lion":2,"stat.pickup.minecraft.iron_axe":1,"stat.mineBlock.minecraft.leaves2":1,"stat.mineBlock.minecraft.log2":21,"stat.damageTaken":4208,"stat.pickup.minecraft.leather":13,"stat.mineBlock.minecraft.torch":3,"stat.pickup.minecraft.log2":21,"stat.pickup.minecraft.dye":2,"stat.pickup.minecraft.planks":7,"stat.pickup.minecraft.bed":2,"stat.pickup.saint_seiya_mod.trainingclothbody":5,"stat.mineBlock.lepidodendron.fossil_jurassic":10,"stat.pickup.millenaire.earth_deco":7,"stat.damageDealt":7686,"stat.craftItem.minecraft.glass":52,"stat.sleepInBed":18,"stat.killEntity.Cow":6,"stat.mineBlock.minecraft.dirt":19,"stat.killEntity.Pig":2,"stat.craftItem.minecraft.iron_sword":2,"stat.pickup.lepidodendron.fossil_neogene":6,"stat.walkOneCm":493806,"stat.pickup.minecraft.iron_nugget":13,"stat.mineBlock.lepidodendron.fossil_neogene":2,"stat.pickup.lepidodendron.bug_raw":7,"stat.drop.millenaire.denierargent":1,"stat.pickup.grimoireofgaia.food_honey":4,"stat.pickup.millenaire.denierargent":190,"stat.pickup.minecraft.log":100,"stat.pickup.minecraft.iron_pickaxe":6,"stat.pickup.lepidodendron.anthracite":2,"stat.entityKilledBy.grimoireofgaia.minotaurus":1,"stat.drop.minecraft.planks":1,"stat.killEntity.grimoireofgaia.dullahan":1,"stat.pickup.minecraft.sapling":195,"stat.pickup.minecraft.cooked_beef":175,"stat.pickup.minecraft.apple":1,"stat.craftItem.minecraft.planks":12,"stat.useItem.minecraft.iron_sword":67,"stat.killEntity.grimoireofgaia.sporeling":1,"stat.killEntity.Spider":1,"stat.mobKills":37,"stat.mineBlock.minecraft.log":101,"stat.killEntity.mocreatures:filchlizard":1,"stat.mineBlock.minecraft.leaves":16,"stat.pickup.minecraft.torch":3,"stat.pickup.minecraft.red_flower":4,"stat.sneakTime":294,"stat.pickup.minecraft.wool":8,"stat.drop.minecraft.stone_axe":1,"stat.useItem.minecraft.wooden_axe":21,"stat.mineBlock.minecraft.stone":8}