{"stat.chestOpened":59,"stat.pickup.millenaire.bed_straw":12,"stat.killEntity.mocreatures:bass":1,"stat.walkOneCm":233453,"stat.useItem.minecraft.bread":1,"stat.useItem.minecraft.torch":6,"stat.drop.minecraft.wooden_pickaxe":1,"stat.pickup.minecraft.iron_sword":2,"stat.pickup.sexmod.allies_lamp":2,"stat.pickup.minecraft.crafting_table":1,"stat.craftItem.minecraft.cooked_porkchop":7,"stat.pickup.minecraft.wooden_shovel":2,"stat.furnaceInteraction":14,"stat.mineBlock.minecraft.double_plant":1,"stat.pickup.mocreatures.reptilehide":1,"stat.pickup.minecraft.string":2,"stat.swimOneCm":6587,"stat.jump":984,"stat.pickup.mocreatures.bigcatclaw":1,"stat.fallOneCm":17139,"stat.climbOneCm":2770,"stat.pickup.minecraft.beef":11,"stat.useItem.minecraft.cooked_mutton":1,"stat.killEntity.mocreatures:komododragon":1,"stat.pickup.minecraft.porkchop":7,"stat.crouchOneCm":234,"stat.pickup.minecraft.sandstone_stairs":4,"stat.craftItem.minecraft.chest":1,"stat.pickup.minecraft.dirt":12,"stat.useItem.minecraft.dirt":3,"stat.sprintOneCm":224190,"stat.useItem.minecraft.stone_slab2":17,"stat.pickup.mocreatures.turkeyraw":1,"stat.craftItem.minecraft.stick":20,"stat.drop.minecraft.iron_sword":2,"stat.craftItem.minecraft.wooden_axe":1,"stat.pickup.minecraft.gold_ingot":5,"stat.craftingTableInteraction":8,"stat.pickup.minecraft.rotten_flesh":4,"stat.pickup.minecraft.diamond_horse_armor":2,"stat.pickup.minecraft.sand":23,"stat.mineBlock.millenaire.bed_straw":9,"stat.craftItem.minecraft.planks":64,"stat.useItem.minecraft.iron_sword":22,"stat.entityKilledBy.grimoireofgaia.ant":1,"stat.mineBlock.minecraft.leaves2":1,"stat.mineBlock.minecraft.log2":31,"stat.pickup.minecraft.wooden_pickaxe":1,"stat.damageTaken":1179,"stat.pickup.minecraft.leather":3,"stat.mineBlock.minecraft.crafting_table":1,"stat.pickup.minecraft.feather":2,"stat.pickup.minecraft.name_tag":2,"stat.mineBlock.minecraft.torch":7,"stat.craftItem.minecraft.cooked_beef":8,"stat.useItem.minecraft.wooden_shovel":141,"stat.mobKills":13,"stat.pickup.minecraft.cobblestone":2,"stat.pickup.minecraft.emerald":1,"stat.craftItem.minecraft.wooden_sword":1,"stat.pickup.minecraft.log2":29,"stat.pickup.minecraft.dye":2,"stat.useItem.minecraft.beef":3,"stat.flyOneCm":184658,"stat.killEntity.mocreatures:turkey":2,"stat.deaths":2,"stat.pickup.minecraft.sandstone":26,"stat.pickup.minecraft.glass_bottle":1,"stat.pickup.minecraft.wheat_seeds":10,"stat.drop":4,"stat.pickup.minecraft.diamond":1,"stat.pickup.minecraft.iron_horse_armor":2,"stat.playOneMinute":88332,"stat.pickup.minecraft.fish":1,"stat.pickup.minecraft.torch":61,"stat.killEntity.Sheep":4,"stat.useItem.minecraft.cooked_beef":8,"stat.sneakTime":27,"stat.pickup.minecraft.wool":4,"stat.craftItem.minecraft.cooked_fish":1,"stat.damageDealt":1327,"stat.sleepInBed":7,"stat.timeSinceDeath":76938,"stat.drop.minecraft.chest":1,"stat.pickup.minecraft.cooked_fish":1,"stat.useItem.minecraft.wooden_axe":6,"stat.killEntity.Cow":5,"stat.mineBlock.minecraft.dirt":12,"stat.craftItem.minecraft.wooden_pickaxe":1,"stat.entityKilledBy.grimoireofgaia.creep":1,"stat.mineBlock.minecraft.tallgrass":38,"stat.craftItem.minecraft.cooked_mutton":6,"stat.diveOneCm":6382,"stat.pickup.minecraft.mutton":6,"stat.pickup.minecraft.chest":1}