{"stat.chestOpened":8,"stat.pickup.millenaire.bed_straw":9,"stat.walkOneCm":132468,"stat.useItem.minecraft.bread":1,"stat.useItem.minecraft.torch":1,"stat.pickup.sexmod.allies_lamp":2,"stat.pickup.minecraft.crafting_table":1,"stat.pickup.minecraft.wooden_shovel":2,"stat.furnaceInteraction":6,"stat.mineBlock.minecraft.double_plant":1,"stat.pickup.minecraft.string":2,"stat.swimOneCm":2851,"stat.jump":531,"stat.pickup.mocreatures.bigcatclaw":1,"stat.fallOneCm":7572,"stat.climbOneCm":2770,"stat.pickup.minecraft.beef":11,"stat.pickup.minecraft.sandstone_stairs":4,"stat.pickup.minecraft.dirt":1,"stat.sprintOneCm":126875,"stat.useItem.minecraft.stone_slab2":9,"stat.pickup.mocreatures.turkeyraw":1,"stat.craftItem.minecraft.stick":20,"stat.pickup.minecraft.gold_ingot":4,"stat.craftingTableInteraction":1,"stat.pickup.minecraft.rotten_flesh":4,"stat.pickup.minecraft.diamond_horse_armor":2,"stat.pickup.minecraft.sand":23,"stat.mineBlock.millenaire.bed_straw":7,"stat.craftItem.minecraft.planks":28,"stat.entityKilledBy.grimoireofgaia.ant":1,"stat.mineBlock.minecraft.leaves2":1,"stat.mineBlock.minecraft.log2":13,"stat.damageTaken":765,"stat.pickup.minecraft.leather":3,"stat.mineBlock.minecraft.crafting_table":1,"stat.pickup.minecraft.feather":2,"stat.pickup.minecraft.name_tag":2,"stat.mineBlock.minecraft.torch":1,"stat.craftItem.minecraft.cooked_beef":8,"stat.useItem.minecraft.wooden_shovel":78,"stat.mobKills":7,"stat.pickup.minecraft.cobblestone":2,"stat.pickup.minecraft.log2":13,"stat.pickup.minecraft.dye":2,"stat.useItem.minecraft.beef":3,"stat.flyOneCm":78931,"stat.killEntity.mocreatures:turkey":2,"stat.deaths":2,"stat.pickup.minecraft.sandstone":26,"stat.pickup.minecraft.glass_bottle":1,"stat.pickup.minecraft.wheat_seeds":2,"stat.pickup.minecraft.iron_horse_armor":2,"stat.playOneMinute":39732,"stat.pickup.minecraft.torch":55,"stat.useItem.minecraft.cooked_beef":2,"stat.damageDealt":666,"stat.sleepInBed":1,"stat.timeSinceDeath":28338,"stat.killEntity.Cow":5,"stat.mineBlock.minecraft.dirt":1,"stat.entityKilledBy.grimoireofgaia.creep":1,"stat.mineBlock.minecraft.tallgrass":1,"stat.diveOneCm":3351}