{"stat.drop.minecraft.stone_pickaxe":1,"stat.cakeSlicesEaten":1,"stat.drop.millenaire.negationwand":1,"stat.leaveGame":1,"stat.mineBlock.minecraft.cobblestone":1,"stat.pickup.minecraft.stone_pickaxe":2,"stat.killEntity.grimoireofgaia.ant":1,"stat.pickup.millenaire.negationwand":1,"stat.swimOneCm":7642,"stat.climbOneCm":2770,"stat.craftItem.minecraft.shield":1,"stat.drop.minecraft.cobblestone":6,"stat.pickup.minecraft.cooked_porkchop":9,"stat.killEntity.mocreatures:komododragon":1,"stat.pickup.minecraft.porkchop":15,"stat.useItem.minecraft.dirt":10,"stat.useItem.minecraft.stone_slab2":21,"stat.drop.mowziesmobs.barakoa_mask_misery":1,"stat.pickup.minecraft.bow":1,"stat.pickup.minecraft.iron_boots":2,"stat.drop.minecraft.iron_sword":2,"stat.pickup.minecraft.rotten_flesh":6,"stat.pickup.minecraft.diamond_horse_armor":2,"stat.pickup.minecraft.sand":45,"stat.craftItem.minecraft.furnace":1,"stat.entityKilledBy.mutantbeasts.mutant_enderman":1,"stat.pickup.minecraft.name_tag":2,"stat.craftItem.minecraft.stone_pickaxe":1,"stat.craftItem.minecraft.cooked_beef":8,"stat.pickup.minecraft.cobblestone":55,"stat.flyOneCm":398644,"stat.killEntity.mocreatures:turkey":2,"stat.pickup.minecraft.sandstone":26,"stat.pickup.minecraft.glass_bottle":1,"stat.pickup.mowziesmobs.barakoa_mask_misery":1,"stat.pickup.minecraft.fish":1,"stat.useItem.minecraft.cooked_beef":8,"stat.craftItem.minecraft.cooked_fish":1,"stat.mineBlock.minecraft.iron_ore":15,"stat.timeSinceDeath":2056,"stat.useItem.minecraft.iron_pickaxe":11,"stat.craftItem.minecraft.wooden_pickaxe":1,"stat.pickup.minecraft.mutton":6,"stat.killEntity.mocreatures:bass":1,"stat.pickup.minecraft.wooden_axe":3,"stat.pickup.sexmod.allies_lamp":2,"stat.pickup.minecraft.wooden_shovel":2,"stat.pickup.minecraft.stonebrick":1,"stat.furnaceInteraction":39,"stat.pickup.millenaire.rice":10,"stat.useItem.minecraft.cooked_porkchop":2,"stat.mineBlock.minecraft.coal_ore":26,"stat.pickup.minecraft.shield":1,"stat.pickup.minecraft.wooden_sword":1,"stat.pickup.minecraft.string":3,"stat.pickup.minecraft.beef":11,"stat.useItem.minecraft.cooked_mutton":6,"stat.pickup.minecraft.sandstone_stairs":4,"stat.sprintOneCm":407055,"stat.pickup.minecraft.iron_chestplate":3,"stat.craftItem.minecraft.stick":20,"stat.craftItem.minecraft.wooden_axe":1,"stat.mineBlock.millenaire.bed_straw":12,"stat.pickup.mowziesmobs.barakoa_mask_fear":2,"stat.mineBlock.minecraft.crafting_table":1,"stat.useItem.millenaire.bed_straw":1,"stat.useItem.minecraft.ender_eye":1,"stat.useItem.minecraft.wooden_shovel":141,"stat.pickup.minecraft.emerald":11,"stat.pickup.minecraft.leather_leggings":3,"stat.useItem.minecraft.beef":3,"stat.deaths":6,"stat.drop":132,"stat.playOneMinute":170517,"stat.killEntity.Sheep":4,"stat.craftItem.minecraft.iron_pickaxe":1,"stat.drop.minecraft.chest":1,"stat.drop.minecraft.torch":22,"stat.entityKilledBy.grimoireofgaia.creep":1,"stat.mineBlock.minecraft.tallgrass":116,"stat.craftItem.minecraft.cooked_mutton":6,"stat.diveOneCm":7660,"stat.pickup.minecraft.cooked_mutton":9,"stat.chestOpened":138,"stat.pickup.millenaire.bed_straw":15,"stat.drop.minecraft.wooden_pickaxe":2,"stat.pickup.minecraft.iron_sword":6,"stat.pickup.minecraft.arrow":14,"stat.craftItem.minecraft.cooked_porkchop":15,"stat.killEntity.Slime":1,"stat.pickup.mocreatures.reptilehide":1,"stat.jump":1935,"stat.pickup.mocreatures.bigcatclaw":1,"stat.pickup.minecraft.coal":30,"stat.pickup.minecraft.iron_helmet":2,"stat.pickup.minecraft.cooked_chicken":1,"stat.fallOneCm":33963,"stat.drop.minecraft.stone_sword":1,"stat.crouchOneCm":661,"stat.craftItem.minecraft.chest":3,"stat.craftItem.minecraft.torch":40,"stat.craftItem.minecraft.iron_ingot":56,"stat.pickup.minecraft.dirt":20,"stat.craftingTableInteraction":22,"stat.pickup.minecraft.iron_ore":18,"stat.mineBlock.minecraft.leaves2":1,"stat.mineBlock.minecraft.log2":31,"stat.pickup.minecraft.wooden_pickaxe":4,"stat.pickup.minecraft.leather":3,"stat.damageTaken":2740,"stat.pickup.minecraft.feather":2,"stat.mineBlock.minecraft.torch":9,"stat.useItem.minecraft.wooden_pickaxe":9,"stat.craftItem.minecraft.wooden_sword":1,"stat.pickup.minecraft.log2":61,"stat.pickup.minecraft.dye":2,"stat.pickup.minecraft.planks":246,"stat.pickup.minecraft.iron_leggings":1,"stat.pickup.minecraft.wheat_seeds":23,"stat.useItem.minecraft.stone_pickaxe":31,"stat.damageDealt":2896,"stat.sleepInBed":10,"stat.killEntity.Cow":5,"stat.mineBlock.minecraft.dirt":12,"stat.killEntity.Pig":4,"stat.walkOneCm":388680,"stat.useItem.minecraft.bread":1,"stat.useItem.minecraft.torch":19,"stat.useItem.minecraft.chest":1,"stat.pickup.minecraft.stick":4,"stat.pickup.minecraft.iron_nugget":5,"stat.drop.minecraft.rotten_flesh":2,"stat.pickup.minecraft.crafting_table":1,"stat.useItem.minecraft.cobblestone":1,"stat.mineBlock.minecraft.double_plant":1,"stat.pickup.grimoireofgaia.food_honey":1,"stat.entityKilledBy.mocreatures:horsemob":1,"stat.pickup.minecraft.log":5,"stat.pickup.minecraft.iron_pickaxe":1,"stat.drop.minecraft.iron_ore":2,"stat.drop.minecraft.iron_chestplate":1,"stat.drop.minecraft.planks":90,"stat.pickup.minecraft.chicken":1,"stat.pickup.mocreatures.turkeyraw":1,"stat.pickup.minecraft.gold_ingot":10,"stat.killEntity.Skeleton":1,"stat.mineBlock.minecraft.stonebrick":1,"stat.craftItem.minecraft.planks":64,"stat.useItem.minecraft.iron_sword":174,"stat.killEntity.Chicken":1,"stat.entityKilledBy.grimoireofgaia.ant":1,"stat.pickup.minecraft.stone_sword":1,"stat.mobKills":25,"stat.mineBlock.minecraft.log":5,"stat.craftItem.minecraft.cooked_chicken":1,"stat.pickup.minecraft.diamond":14,"stat.pickup.minecraft.iron_horse_armor":2,"stat.mineBlock.minecraft.leaves":1,"stat.pickup.minecraft.torch":135,"stat.sneakTime":722,"stat.pickup.minecraft.wool":4,"stat.pickup.minecraft.cooked_fish":1,"stat.useItem.minecraft.wooden_axe":20,"stat.mineBlock.minecraft.stone":1,"stat.pickup.minecraft.chest":1}