{"stat.chestOpened":16,"stat.drop.minecraft.stone_pickaxe":1,"stat.pickup.millenaire.bed_straw":1,"stat.killEntity.grimoireofgaia.banshee":1,"stat.useItem.minecraft.iron_axe":55,"stat.leaveGame":7,"stat.drop.minecraft.cooked_beef":73,"stat.pickup.minecraft.stone_pickaxe":1,"stat.pickup.minecraft.stone_axe":1,"stat.pickup.grimoireofgaia.misc_soul_fire":1,"stat.pickup.millenaire.denier":10,"stat.craftItem.minecraft.iron_axe":1,"stat.pickup.minecraft.gold_nugget":3,"stat.swimOneCm":4282,"stat.jump":1521,"stat.mineBlock.lepidodendron.anthracite_ore":2,"stat.pickup.minecraft.coal":57,"stat.fallOneCm":24807,"stat.climbOneCm":430,"stat.pickup.minecraft.porkchop":2,"stat.crouchOneCm":563,"stat.pickup.minecraft.dirt":14,"stat.useItem.minecraft.dirt":1,"stat.useItem.minecraft.stone_slab2":3,"stat.killEntity.mocreatures:ant":1,"stat.craftingTableInteraction":9,"stat.entityKilledBy.grimoireofgaia.matango":1,"stat.pickup.minecraft.sand":61,"stat.useItem.minecraft.egg":1,"stat.mineBlock.minecraft.leaves2":1,"stat.mineBlock.minecraft.log2":21,"stat.damageTaken":983,"stat.pickup.minecraft.leather":10,"stat.mineBlock.minecraft.torch":1,"stat.pickup.minecraft.cobblestone":3,"stat.pickup.minecraft.log2":21,"stat.mineBlock.saint_seiya_mod.pimacottonplant":8,"stat.flyOneCm":305917,"stat.pickup.minecraft.brown_mushroom":1,"stat.mineBlock.minecraft.sand":62,"stat.pickup.minecraft.fish":10,"stat.useItem.minecraft.cooked_beef":15,"stat.damageDealt":3009,"stat.craftItem.minecraft.glass":20,"stat.sleepInBed":9,"stat.timeSinceDeath":122330,"stat.killEntity.Cow":6,"stat.mineBlock.minecraft.dirt":13,"stat.useItem.minecraft.iron_pickaxe":62,"stat.killEntity.Pig":1,"stat.pickup.minecraft.mutton":6,"stat.craftItem.minecraft.iron_sword":2,"stat.walkOneCm":216269,"stat.pickup.minecraft.wooden_axe":1,"stat.pickup.minecraft.iron_nugget":2,"stat.furnaceInteraction":21,"stat.killEntity.mocreatures:crab":1,"stat.mineBlock.minecraft.coal_ore":57,"stat.pickup.minecraft.log":51,"stat.pickup.minecraft.beef":10,"stat.pickup.lepidodendron.anthracite":2,"stat.pickup.saint_seiya_mod.pimacotton":8,"stat.pickup.minecraft.sapling":194,"stat.sprintOneCm":405078,"stat.craftItem.minecraft.stick":16,"stat.craftItem.minecraft.planks":12,"stat.useItem.minecraft.iron_sword":17,"stat.killEntity.grimoireofgaia.sporeling":1,"stat.mobKills":15,"stat.mineBlock.minecraft.log":51,"stat.deaths":1,"stat.drop":75,"stat.mineBlock.minecraft.leaves":13,"stat.pickup.minecraft.egg":5,"stat.playOneMinute":126077,"stat.pickup.mocreatures.crabraw":1,"stat.pickup.minecraft.torch":1,"stat.killEntity.Sheep":4,"stat.sneakTime":294,"stat.craftItem.minecraft.iron_pickaxe":1,"stat.pickup.minecraft.wool":3,"stat.drop.minecraft.stone_axe":1,"stat.useItem.minecraft.wooden_axe":21,"stat.mineBlock.minecraft.stone":3,"stat.mineBlock.minecraft.tallgrass":5,"stat.diveOneCm":3158}