{"stat.chestOpened":23,"stat.drop.minecraft.stone_pickaxe":1,"stat.pickup.millenaire.bed_straw":1,"stat.craftItem.mocreatures.crabcooked":1,"stat.killEntity.grimoireofgaia.banshee":1,"stat.useItem.minecraft.iron_axe":115,"stat.leaveGame":7,"stat.drop.minecraft.cooked_beef":73,"stat.pickup.minecraft.stone_pickaxe":1,"stat.pickup.minecraft.stone_axe":1,"stat.killEntity.grimoireofgaia.cyan_flower":2,"stat.pickup.grimoireofgaia.misc_soul_fire":1,"stat.pickup.millenaire.denier":10,"stat.craftItem.minecraft.iron_axe":1,"stat.pickup.minecraft.gold_nugget":3,"stat.swimOneCm":9506,"stat.jump":1757,"stat.mineBlock.lepidodendron.anthracite_ore":2,"stat.pickup.minecraft.coal":57,"stat.fallOneCm":28666,"stat.climbOneCm":1759,"stat.pickup.minecraft.porkchop":5,"stat.crouchOneCm":563,"stat.pickup.minecraft.dirt":18,"stat.useItem.minecraft.dirt":1,"stat.useItem.minecraft.stone_slab2":5,"stat.killEntity.mocreatures:ant":1,"stat.pickup.minecraft.bow":1,"stat.craftingTableInteraction":9,"stat.entityKilledBy.grimoireofgaia.matango":1,"stat.pickup.minecraft.sand":61,"stat.pickup.lepidodendron.small_angiosperm_seeds":2,"stat.useItem.minecraft.egg":1,"stat.mineBlock.minecraft.leaves2":1,"stat.mineBlock.minecraft.log2":21,"stat.damageTaken":1032,"stat.pickup.minecraft.leather":10,"stat.mineBlock.minecraft.torch":3,"stat.pickup.minecraft.cobblestone":3,"stat.pickup.minecraft.log2":21,"stat.pickup.minecraft.planks":1,"stat.mineBlock.saint_seiya_mod.pimacottonplant":8,"stat.flyOneCm":345756,"stat.pickup.minecraft.brown_mushroom":1,"stat.mineBlock.minecraft.sand":62,"stat.pickup.minecraft.fish":10,"stat.useItem.minecraft.cooked_beef":18,"stat.pickup.millenaire.earth_deco":7,"stat.damageDealt":4034,"stat.craftItem.minecraft.glass":20,"stat.sleepInBed":11,"stat.timeSinceDeath":146630,"stat.killEntity.Cow":6,"stat.mineBlock.minecraft.dirt":17,"stat.useItem.minecraft.iron_pickaxe":63,"stat.killEntity.Pig":2,"stat.pickup.minecraft.mutton":14,"stat.craftItem.minecraft.iron_sword":2,"stat.walkOneCm":253155,"stat.pickup.minecraft.wooden_axe":1,"stat.pickup.minecraft.iron_nugget":4,"stat.mineBlock.millenaire.locked_chest":1,"stat.furnaceInteraction":37,"stat.killEntity.mocreatures:crab":1,"stat.mineBlock.minecraft.coal_ore":57,"stat.talkedToVillager":6,"stat.pickup.minecraft.log":100,"stat.pickup.minecraft.beef":10,"stat.pickup.minecraft.iron_pickaxe":1,"stat.pickup.lepidodendron.anthracite":2,"stat.pickup.saint_seiya_mod.pimacotton":8,"stat.pickup.minecraft.sapling":195,"stat.sprintOneCm":466308,"stat.craftItem.minecraft.stick":16,"stat.mineBlock.millenaire.bed_straw":1,"stat.craftItem.minecraft.planks":12,"stat.useItem.minecraft.iron_sword":23,"stat.killEntity.grimoireofgaia.sporeling":1,"stat.mobKills":25,"stat.mineBlock.minecraft.log":101,"stat.deaths":1,"stat.drop":75,"stat.mineBlock.minecraft.leaves":16,"stat.pickup.minecraft.egg":5,"stat.playOneMinute":150377,"stat.pickup.mocreatures.crabraw":1,"stat.pickup.minecraft.torch":3,"stat.killEntity.Sheep":9,"stat.pickup.minecraft.red_flower":4,"stat.sneakTime":294,"stat.craftItem.minecraft.iron_pickaxe":1,"stat.pickup.minecraft.wool":8,"stat.drop.minecraft.stone_axe":1,"stat.useItem.minecraft.wooden_axe":21,"stat.mineBlock.minecraft.stone":3,"stat.mineBlock.minecraft.tallgrass":5,"stat.diveOneCm":6105}