{"stat.chestOpened":9,"stat.drop.minecraft.stone_pickaxe":1,"stat.pickup.millenaire.bed_straw":1,"stat.walkOneCm":172898,"stat.killEntity.grimoireofgaia.banshee":1,"stat.pickup.minecraft.wooden_axe":1,"stat.pickup.minecraft.iron_nugget":2,"stat.leaveGame":6,"stat.drop.minecraft.cooked_beef":59,"stat.pickup.minecraft.stone_pickaxe":1,"stat.furnaceInteraction":4,"stat.pickup.minecraft.stone_axe":1,"stat.killEntity.mocreatures:crab":1,"stat.pickup.grimoireofgaia.misc_soul_fire":1,"stat.pickup.millenaire.denier":10,"stat.pickup.minecraft.gold_nugget":3,"stat.pickup.minecraft.log":18,"stat.swimOneCm":3050,"stat.jump":979,"stat.fallOneCm":16306,"stat.pickup.saint_seiya_mod.pimacotton":8,"stat.crouchOneCm":477,"stat.pickup.minecraft.sapling":194,"stat.pickup.minecraft.dirt":10,"stat.useItem.minecraft.dirt":1,"stat.sprintOneCm":306995,"stat.useItem.minecraft.stone_slab2":3,"stat.killEntity.mocreatures:ant":1,"stat.craftingTableInteraction":7,"stat.entityKilledBy.grimoireofgaia.matango":1,"stat.pickup.minecraft.sand":61,"stat.useItem.minecraft.egg":1,"stat.damageTaken":971,"stat.killEntity.grimoireofgaia.sporeling":1,"stat.mineBlock.minecraft.torch":1,"stat.mobKills":5,"stat.mineBlock.minecraft.log":18,"stat.mineBlock.saint_seiya_mod.pimacottonplant":8,"stat.flyOneCm":187458,"stat.deaths":1,"stat.drop":61,"stat.pickup.minecraft.brown_mushroom":1,"stat.mineBlock.minecraft.leaves":10,"stat.mineBlock.minecraft.sand":62,"stat.pickup.minecraft.egg":3,"stat.playOneMinute":87300,"stat.pickup.mocreatures.crabraw":1,"stat.pickup.minecraft.torch":1,"stat.killEntity.Sheep":1,"stat.useItem.minecraft.cooked_beef":13,"stat.sneakTime":227,"stat.pickup.minecraft.wool":1,"stat.damageDealt":2069,"stat.drop.minecraft.stone_axe":1,"stat.sleepInBed":5,"stat.timeSinceDeath":83553,"stat.useItem.minecraft.wooden_axe":21,"stat.mineBlock.minecraft.dirt":9,"stat.mineBlock.minecraft.tallgrass":5,"stat.pickup.minecraft.mutton":1,"stat.diveOneCm":3158}