{"stat.chestOpened":6,"stat.entityKilledBy.grimoireofgaia.matango":1,"stat.pickup.millenaire.bed_straw":1,"stat.pickup.minecraft.sand":8,"stat.walkOneCm":57680,"stat.leaveGame":6,"stat.damageTaken":363,"stat.killEntity.mocreatures:crab":1,"stat.mobKills":2,"stat.mineBlock.minecraft.log":4,"stat.mineBlock.saint_seiya_mod.pimacottonplant":7,"stat.pickup.minecraft.log":4,"stat.flyOneCm":43805,"stat.deaths":1,"stat.jump":234,"stat.swimOneCm":693,"stat.mineBlock.minecraft.leaves":5,"stat.mineBlock.minecraft.sand":9,"stat.playOneMinute":37800,"stat.fallOneCm":2891,"stat.pickup.mocreatures.crabraw":1,"stat.useItem.minecraft.cooked_beef":3,"stat.sneakTime":14,"stat.pickup.saint_seiya_mod.pimacotton":7,"stat.damageDealt":90,"stat.crouchOneCm":5,"stat.sleepInBed":2,"stat.timeSinceDeath":34053,"stat.pickup.minecraft.sapling":1,"stat.pickup.minecraft.dirt":3,"stat.useItem.minecraft.dirt":1,"stat.sprintOneCm":89808,"stat.mineBlock.minecraft.dirt":2,"stat.useItem.minecraft.stone_slab2":2,"stat.killEntity.mocreatures:ant":1,"stat.craftingTableInteraction":7}