{"stat.chestOpened":15,"stat.drop.minecraft.stone_pickaxe":1,"stat.pickup.millenaire.bed_straw":1,"stat.killEntity.grimoireofgaia.banshee":1,"stat.useItem.minecraft.iron_axe":55,"stat.leaveGame":7,"stat.drop.minecraft.cooked_beef":73,"stat.pickup.minecraft.stone_pickaxe":1,"stat.pickup.minecraft.stone_axe":1,"stat.pickup.grimoireofgaia.misc_soul_fire":1,"stat.pickup.millenaire.denier":10,"stat.craftItem.minecraft.iron_axe":1,"stat.pickup.minecraft.gold_nugget":3,"stat.swimOneCm":3050,"stat.jump":1304,"stat.mineBlock.lepidodendron.anthracite_ore":1,"stat.pickup.minecraft.coal":42,"stat.fallOneCm":23553,"stat.climbOneCm":430,"stat.pickup.minecraft.porkchop":2,"stat.crouchOneCm":563,"stat.pickup.minecraft.dirt":10,"stat.useItem.minecraft.dirt":1,"stat.useItem.minecraft.stone_slab2":3,"stat.killEntity.mocreatures:ant":1,"stat.craftingTableInteraction":9,"stat.entityKilledBy.grimoireofgaia.matango":1,"stat.pickup.minecraft.sand":61,"stat.useItem.minecraft.egg":1,"stat.mineBlock.minecraft.leaves2":1,"stat.mineBlock.minecraft.log2":21,"stat.damageTaken":983,"stat.mineBlock.minecraft.torch":1,"stat.pickup.minecraft.cobblestone":2,"stat.pickup.minecraft.log2":21,"stat.mineBlock.saint_seiya_mod.pimacottonplant":8,"stat.flyOneCm":273704,"stat.pickup.minecraft.brown_mushroom":1,"stat.mineBlock.minecraft.sand":62,"stat.pickup.minecraft.fish":10,"stat.useItem.minecraft.cooked_beef":15,"stat.damageDealt":2409,"stat.sleepInBed":8,"stat.timeSinceDeath":109730,"stat.mineBlock.minecraft.dirt":9,"stat.useItem.minecraft.iron_pickaxe":45,"stat.killEntity.Pig":1,"stat.pickup.minecraft.mutton":6,"stat.craftItem.minecraft.iron_sword":2,"stat.walkOneCm":199342,"stat.pickup.minecraft.wooden_axe":1,"stat.pickup.minecraft.iron_nugget":2,"stat.furnaceInteraction":15,"stat.killEntity.mocreatures:crab":1,"stat.mineBlock.minecraft.coal_ore":42,"stat.pickup.minecraft.log":51,"stat.pickup.lepidodendron.anthracite":1,"stat.pickup.saint_seiya_mod.pimacotton":8,"stat.pickup.minecraft.sapling":194,"stat.sprintOneCm":365513,"stat.craftItem.minecraft.stick":16,"stat.craftItem.minecraft.planks":12,"stat.useItem.minecraft.iron_sword":3,"stat.killEntity.grimoireofgaia.sporeling":1,"stat.mobKills":9,"stat.mineBlock.minecraft.log":51,"stat.deaths":1,"stat.drop":75,"stat.mineBlock.minecraft.leaves":13,"stat.pickup.minecraft.egg":5,"stat.playOneMinute":113477,"stat.pickup.mocreatures.crabraw":1,"stat.pickup.minecraft.torch":1,"stat.killEntity.Sheep":4,"stat.sneakTime":294,"stat.craftItem.minecraft.iron_pickaxe":1,"stat.pickup.minecraft.wool":3,"stat.drop.minecraft.stone_axe":1,"stat.useItem.minecraft.wooden_axe":21,"stat.mineBlock.minecraft.stone":2,"stat.mineBlock.minecraft.tallgrass":5,"stat.diveOneCm":3158}