{
  "millenaire:marcopolo": {
    "criteria": {
      "marcopolo": "2024-10-22 01:06:13 +0000"
    },
    "done": true
  },
  "biomesoplenty:recipes/transportation/boat_ethereal": {
    "criteria": {
      "entered_water": "2024-10-22 00:55:48 +0000"
    },
    "done": true
  },
  "biomesoplenty:recipes/transportation/boat_mahogany": {
    "criteria": {
      "entered_water": "2024-10-22 00:55:48 +0000"
    },
    "done": true
  },
  "biomesoplenty:recipes/transportation/boat_cherry": {
    "criteria": {
      "entered_water": "2024-10-22 00:55:48 +0000"
    },
    "done": true
  },
  "minecraft:recipes/transportation/dark_oak_boat": {
    "criteria": {
      "entered_water": "2024-10-22 00:55:48 +0000"
    },
    "done": true
  },
  "biomesoplenty:recipes/transportation/boat_jacaranda": {
    "criteria": {
      "entered_water": "2024-10-22 00:55:48 +0000"
    },
    "done": true
  },
  "biomesoplenty:recipes/transportation/boat_umbran": {
    "criteria": {
      "entered_water": "2024-10-22 00:55:48 +0000"
    },
    "done": true
  },
  "biomesoplenty:recipes/transportation/boat_fir": {
    "criteria": {
      "entered_water": "2024-10-22 00:55:48 +0000"
    },
    "done": true
  },
  "minecraft:adventure/adventuring_time": {
    "criteria": {
      "forest": "2024-10-22 00:51:48 +0000",
      "swampland": "2024-10-22 00:50:41 +0000",
      "deep_ocean": "2024-10-22 00:53:56 +0000",
      "beaches": "2024-10-22 00:48:14 +0000",
      "extreme_hills_with_trees": "2024-10-22 01:03:01 +0000",
      "desert_hills": "2024-10-22 01:14:43 +0000",
      "forest_hills": "2024-10-22 00:54:07 +0000",
      "savanna": "2024-10-22 01:09:54 +0000",
      "plains": "2024-10-22 00:49:03 +0000",
      "savanna_rock": "2024-10-22 01:11:12 +0000",
      "taiga": "2024-10-22 00:50:59 +0000",
      "ocean": "2024-10-22 00:48:24 +0000",
      "extreme_hills": "2024-10-22 00:48:59 +0000",
      "roofed_forest": "2024-10-22 00:50:01 +0000",
      "river": "2024-10-22 00:48:43 +0000",
      "desert": "2024-10-22 01:14:33 +0000",
      "stone_beach": "2024-10-22 00:54:37 +0000"
    },
    "done": false
  },
  "millenaire:explorer": {
    "criteria": {
      "explorer": "2024-10-22 01:02:17 +0000"
    },
    "done": true
  },
  "biomesoplenty:recipes/transportation/boat_magic": {
    "criteria": {
      "entered_water": "2024-10-22 00:55:48 +0000"
    },
    "done": true
  },
  "biomesoplenty:recipes/transportation/boat_ebony": {
    "criteria": {
      "entered_water": "2024-10-22 00:55:48 +0000"
    },
    "done": true
  },
  "minecraft:recipes/transportation/birch_boat": {
    "criteria": {
      "entered_water": "2024-10-22 00:55:48 +0000"
    },
    "done": true
  },
  "biomesoplenty:recipes/transportation/boat_hellbark": {
    "criteria": {
      "entered_water": "2024-10-22 00:55:48 +0000"
    },
    "done": true
  },
  "biomesoplenty:recipes/transportation/boat_willow": {
    "criteria": {
      "entered_water": "2024-10-22 00:55:48 +0000"
    },
    "done": true
  },
  "biomesoplenty:recipes/transportation/boat_sacred_oak": {
    "criteria": {
      "entered_water": "2024-10-22 00:55:48 +0000"
    },
    "done": true
  },
  "biomesoplenty:recipes/transportation/boat_mangrove": {
    "criteria": {
      "entered_water": "2024-10-22 00:55:48 +0000"
    },
    "done": true
  },
  "minecraft:recipes/transportation/acacia_boat": {
    "criteria": {
      "entered_water": "2024-10-22 00:55:48 +0000"
    },
    "done": true
  },
  "biomesoplenty:recipes/transportation/boat_pine": {
    "criteria": {
      "entered_water": "2024-10-22 00:55:48 +0000"
    },
    "done": true
  },
  "biomesoplenty:recipes/transportation/boat_palm": {
    "criteria": {
      "entered_water": "2024-10-22 00:55:48 +0000"
    },
    "done": true
  },
  "biomesoplenty:recipes/transportation/boat_redwood": {
    "criteria": {
      "entered_water": "2024-10-22 00:55:48 +0000"
    },
    "done": true
  },
  "minecraft:recipes/transportation/boat": {
    "criteria": {
      "entered_water": "2024-10-22 00:55:48 +0000"
    },
    "done": true
  },
  "mowziesmobs:root": {
    "criteria": {
      "custom_test_name": "2024-10-22 00:47:48 +0000"
    },
    "done": true
  },
  "biomesoplenty:recipes/transportation/boat_eucalyptus": {
    "criteria": {
      "entered_water": "2024-10-22 00:55:48 +0000"
    },
    "done": true
  },
  "minecraft:recipes/transportation/jungle_boat": {
    "criteria": {
      "entered_water": "2024-10-22 00:55:48 +0000"
    },
    "done": true
  },
  "minecraft:recipes/transportation/spruce_boat": {
    "criteria": {
      "entered_water": "2024-10-22 00:55:48 +0000"
    },
    "done": true
  }
}