{
  "lepidodendron:pf_palaeopedia_given": {
    "criteria": {
      "pf_trigger": "2024-10-18 06:10:03 +0000"
    },
    "done": true
  },
  "lepidodendron:pf_base_adv": {
    "criteria": {
      "tick": "2024-10-18 06:10:03 +0000"
    },
    "done": true
  },
  "lepidodendron:pf_base_adv_knowledge": {
    "criteria": {
      "tick": "2024-10-18 06:10:03 +0000"
    },
    "done": true
  },
  "minecraft:adventure/adventuring_time": {
    "criteria": {
      "plains": "2024-10-18 06:10:03 +0000"
    },
    "done": false
  }
}